"","ccaa","prov","sexo","edad","nacio","educ","situa","rentah","factorele","provsex","edad2","edad3","edad4","edad5","edu1","edu2","edu3","nacio1","situ1","situ2","situ3","uchogar","rentanorm","pobre","dom"
"1296",1,14,1,3,1,0,0,31688.006,1552.59483,141,0,1,0,0,0,0,0,1,0,0,0,3,10562.669,0,27
"2896",1,29,2,4,1,1,1,11140,510.36857,292,0,0,1,0,1,0,0,1,1,0,0,1.5,7426.667,0,58
"1146",1,11,1,3,1,2,1,23850.465,1733.80148,111,0,1,0,0,0,1,0,1,1,0,0,2,11925.233,0,21
"4095",1,41,1,5,1,3,3,42421.515,1729.75702,411,0,0,0,1,0,0,1,1,0,0,1,2.8,15150.541,0,81
"1025",1,11,2,0,1,0,0,17100,368.42027,112,0,0,0,0,0,0,0,1,0,0,0,2.4,7125,0,22
"4348",1,41,1,3,1,2,1,19450,1483.16629,411,0,1,0,0,0,1,0,1,1,0,0,2.1,9261.905,0,81
"690",1,11,2,4,1,1,3,9000,813.52075,112,0,0,1,0,1,0,0,1,0,0,1,2,4500,1,22
"2106",1,21,2,2,1,2,1,29478,792.90562,212,1,0,0,0,0,1,0,1,1,0,0,4,7369.5,0,42
"1637",1,14,1,5,1,1,3,7910,1312.50732,141,0,0,0,1,1,0,0,1,0,0,1,1.5,5273.333,1,27
"805",1,11,2,4,1,2,3,58572,2434.70971,112,0,0,1,0,0,1,0,1,0,0,1,2.5,23428.8,0,22
"708",1,11,2,2,1,2,2,32280,3178.65071,112,1,0,0,0,0,1,0,1,0,1,0,3,10760,0,22
"1677",1,18,2,2,1,2,3,16754.563,2133.7395,182,1,0,0,0,0,1,0,1,0,0,1,2.5,6701.825,0,36
"4379",1,41,1,4,1,2,1,50979.751,941.20195,411,0,0,1,0,0,1,0,1,1,0,0,3,16993.25,0,81
"2821",1,29,1,0,1,0,0,13080,2912.23886,291,0,0,0,0,0,0,0,1,0,0,0,2.1,6228.572,1,57
"2614",1,23,2,4,0,2,3,6392,1065.56282,232,0,0,1,0,0,1,0,0,0,0,1,1.5,4261.333,1,46
"573",1,11,1,5,1,1,3,11431.906,1861.25302,111,0,0,0,1,1,0,0,1,0,0,1,1.5,7621.271,0,21
"727",1,11,2,3,1,2,3,22165,758.44231,112,0,1,0,0,0,1,0,1,0,0,1,1,22165,0,22
"2832",1,29,1,5,1,1,3,14800,1639.1832,291,0,0,0,1,1,0,0,1,0,0,1,1.5,9866.667,0,57
"4482",1,41,2,3,1,2,1,29280,1359.06887,412,0,1,0,0,0,1,0,1,1,0,0,1.8,16266.667,0,82
"51",1,4,1,5,1,1,3,11600,1579.79464,41,0,0,0,1,1,0,0,1,0,0,1,1.5,7733.333,0,7
"736",1,11,2,3,1,1,1,23800,2594.80294,112,0,1,0,0,1,0,0,1,1,0,0,2,11900,0,22
"3213",1,29,2,4,1,1,3,21454,1207.27967,292,0,0,1,0,1,0,0,1,0,0,1,2.5,8581.6,0,58
"3092",1,29,2,0,1,0,0,14330,1659.64378,292,0,0,0,0,0,0,0,1,0,0,0,1.8,7961.111,0,58
"1722",1,18,1,3,1,2,1,15436,3166.84672,181,0,1,0,0,0,1,0,1,1,0,0,2.1,7350.477,0,35
"2800",1,29,1,3,1,2,3,14200,1895.43758,291,0,1,0,0,0,1,0,1,0,0,1,2.3,6173.913,1,57
"1073",1,11,1,1,1,0,0,33000,622.25719,111,0,0,0,0,0,0,0,1,0,0,0,4,8250,0,21
"400",1,11,2,4,1,1,3,13810,1202.99482,112,0,0,1,0,1,0,0,1,0,0,1,1.5,9206.667,0,22
"1015",1,11,1,2,1,2,3,27160,917.86462,111,1,0,0,0,0,1,0,1,0,0,1,2.8,9700,0,21
"3436",1,29,1,3,1,2,1,21494,4895.07286,291,0,1,0,0,0,1,0,1,1,0,0,1.5,14329.333,0,57
"1135",1,11,2,5,1,1,3,26012.171,929.83512,112,0,0,0,1,1,0,0,1,0,0,1,3.5,7432.049,0,22
"3562",1,41,2,5,1,1,3,16476,1354.66113,412,0,0,0,1,1,0,0,1,0,0,1,1.5,10984,0,82
"4459",1,41,2,3,1,3,2,10079,1103.32604,412,0,1,0,0,0,0,1,1,0,1,0,2,5039.5,1,82
"3215",1,29,2,5,1,1,3,5768,2454.43443,292,0,0,0,1,1,0,0,1,0,0,1,1,5768,1,58
"2186",1,21,2,3,1,2,1,19960,1239.73361,212,0,1,0,0,0,1,0,1,1,0,0,2.1,9504.762,0,42
"2563",1,23,1,3,1,1,1,16196,861.84763,231,0,1,0,0,1,0,0,1,1,0,0,2.8,5784.286,1,45
"3073",1,29,2,3,1,1,2,20414,2012.23337,292,0,1,0,0,1,0,0,1,0,1,0,2,10207,0,58
"4065",1,41,1,2,1,2,3,52200,1619.38315,411,1,0,0,0,0,1,0,1,0,0,1,3,17400,0,81
"1045",1,11,2,0,1,0,0,40300,529.71756,112,0,0,0,0,0,0,0,1,0,0,0,2.4,16791.666,0,22
"1100",1,11,1,4,1,2,3,5,2264.84959,111,0,0,1,0,0,1,0,1,0,0,1,1.5,3.333,1,21
"2282",1,21,2,3,1,3,1,44450,1377.29551,212,0,1,0,0,0,0,1,1,1,0,0,2.1,21166.668,0,42
"2584",1,23,2,3,1,2,1,46212.193,1300.57543,232,0,1,0,0,0,1,0,1,1,0,0,2.1,22005.807,0,46
"2430",1,23,1,3,1,1,1,23300,948.80181,231,0,1,0,0,1,0,0,1,1,0,0,1,23300,0,45
"3982",1,41,1,2,1,2,3,50200,2130.85862,411,1,0,0,0,0,1,0,1,0,0,1,2,25100,0,81
"2841",1,29,1,5,1,1,3,10308,1032.40203,291,0,0,0,1,1,0,0,1,0,0,1,1.5,6872,0,57
"3275",1,29,2,4,1,3,1,43776.302,538.58432,292,0,0,1,0,0,0,1,1,1,0,0,1,43776.302,0,58
"4122",1,41,1,1,1,0,0,23346,1079.84838,411,0,0,0,0,0,0,0,1,0,0,0,3,7782,0,81
"3604",1,41,2,3,0,2,1,40117.545,2034.38559,412,0,1,0,0,0,1,0,0,1,0,0,2.3,17442.411,0,82
"2814",1,29,1,4,0,2,1,14664.707,557.14151,291,0,0,1,0,0,1,0,0,1,0,0,2,7332.354,0,57
"92",1,4,2,4,1,1,3,10332,1351.15868,42,0,0,1,0,1,0,0,1,0,0,1,1.5,6888,0,8
"1566",1,14,2,5,1,1,3,11116,769.91036,142,0,0,0,1,1,0,0,1,0,0,1,1.5,7410.667,0,28
"285",1,4,2,0,1,0,0,18426,1166.79508,42,0,0,0,0,0,0,0,1,0,0,0,2.3,8011.305,0,8
"3263",1,29,2,3,1,1,3,29281,1368.14563,292,0,1,0,0,1,0,0,1,0,0,1,2.1,13943.334,0,58
"3343",1,29,1,3,1,2,1,20544,1234.66311,291,0,1,0,0,0,1,0,1,1,0,0,2,10272,0,57
"2252",1,21,2,3,1,2,1,21844.546,2239.25644,212,0,1,0,0,0,1,0,1,1,0,0,2.3,9497.629,0,42
"929",1,11,1,2,1,1,1,17178,2150.93732,111,1,0,0,0,1,0,0,1,1,0,0,2.3,7468.696,0,21
"1164",1,11,2,5,1,1,3,10200,671.99131,112,0,0,0,1,1,0,0,1,0,0,1,1.5,6800,0,22
"3320",1,29,1,3,1,2,2,39600,4923.04118,291,0,1,0,0,0,1,0,1,0,1,0,2.5,15840,0,57
"2028",1,18,2,3,1,2,1,23558.269,1400.00865,182,0,1,0,0,0,1,0,1,1,0,0,2.3,10242.726,0,36
"2118",1,21,2,3,1,2,2,10612,1480.87128,212,0,1,0,0,0,1,0,1,0,1,0,1.6,6632.5,0,42
"1819",1,18,1,3,1,2,1,19450,2600.87319,181,0,1,0,0,0,1,0,1,1,0,0,1.8,10805.556,0,35
"39",1,4,2,3,1,1,1,28269.302,1941.08851,42,0,1,0,0,1,0,0,1,1,0,0,2.3,12291.001,0,8
"4047",1,41,1,4,1,2,1,27301.187,1711.15506,411,0,0,1,0,0,1,0,1,1,0,0,2,13650.594,0,81
"2834",1,29,2,3,1,2,1,12600,1776.9474,292,0,1,0,0,0,1,0,1,1,0,0,1.3,9692.308,0,58
"3170",1,29,2,3,1,3,1,27070,3600.54545,292,0,1,0,0,0,0,1,1,1,0,0,1.8,15038.889,0,58
"2953",1,29,2,4,1,2,1,28310,1493.78349,292,0,0,1,0,0,1,0,1,1,0,0,1.5,18873.333,0,58
"4397",1,41,2,5,1,1,3,24011.619,1270.45002,412,0,0,0,1,1,0,0,1,0,0,1,2,12005.809,0,82
"4489",1,41,1,4,1,2,3,15748,1992.28053,411,0,0,1,0,0,1,0,1,0,0,1,2.5,6299.2,1,81
"901",1,11,1,3,1,1,1,11660,1056.80384,111,0,1,0,0,1,0,0,1,1,0,0,2.4,4858.333,1,21
"1852",1,18,1,3,1,1,1,22094,2167.89223,181,0,1,0,0,1,0,0,1,1,0,0,2.5,8837.6,0,35
"2298",1,21,2,0,1,0,0,20950,786.6361,212,0,0,0,0,0,0,0,1,0,0,0,1.8,11638.889,0,42
"2088",1,21,2,3,1,2,3,4214,1239.17529,212,0,1,0,0,0,1,0,1,0,0,1,1,4214,1,42
"3327",1,29,1,5,1,1,3,5768,2220.1174,291,0,0,0,1,1,0,0,1,0,0,1,1,5768,1,57
"2343",1,23,2,0,0,0,0,9100,1158.03279,232,0,0,0,0,0,0,0,0,0,0,0,2.9,3137.931,1,46
"974",1,11,2,4,1,1,3,10548.705,603.95153,112,0,0,1,0,1,0,0,1,0,0,1,2,5274.352,1,22
"2829",1,29,2,2,1,2,1,21600,1849.83977,292,1,0,0,0,0,1,0,1,1,0,0,2,10800,0,58
"3535",1,29,1,4,1,1,3,4342,810.46998,291,0,0,1,0,1,0,0,1,0,0,1,1.5,2894.667,1,57
"2347",1,23,2,5,1,1,3,7350,1654.85245,232,0,0,0,1,1,0,0,1,0,0,1,1.5,4900,1,46
"368",1,4,1,0,1,0,0,16386.641,1403.88187,41,0,0,0,0,0,0,0,1,0,0,0,2.1,7803.163,0,7
"3531",1,29,1,1,1,0,0,9780,1353.19119,291,0,0,0,0,0,0,0,1,0,0,0,2,4890,1,57
"1034",1,11,2,0,1,0,0,27600,1012.80743,112,0,0,0,0,0,0,0,1,0,0,0,2.1,13142.858,0,22
"2038",1,18,1,0,1,0,0,96978.287,1186.71544,181,0,0,0,0,0,0,0,1,0,0,0,2.3,42164.473,0,35
"2887",1,29,2,0,1,0,0,9774.33,1346.48386,292,0,0,0,0,0,0,0,1,0,0,0,2.6,3759.358,1,58
"3694",1,41,1,3,1,2,1,16710,3165.40078,411,0,1,0,0,0,1,0,1,1,0,0,2.1,7957.143,0,81
"2860",1,29,2,2,1,2,1,25418.092,1851.19962,292,1,0,0,0,0,1,0,1,1,0,0,2.5,10167.237,0,58
"1440",1,14,1,2,1,2,3,20282.47,2431.0612,141,1,0,0,0,0,1,0,1,0,0,1,3.5,5794.991,1,27
"3169",1,29,1,3,1,3,1,27070,3600.54545,291,0,1,0,0,0,0,1,1,1,0,0,1.8,15038.889,0,57
"3239",1,29,2,0,1,0,0,20640,1361.15816,292,0,0,0,0,0,0,0,1,0,0,0,1.8,11466.667,0,58
"3970",1,41,1,1,1,0,0,17670,1808.92394,411,0,0,0,0,0,0,0,1,0,0,0,2.5,7068,0,81
"1756",1,18,1,5,1,1,3,15475.713,2033.04731,181,0,0,0,1,1,0,0,1,0,0,1,1.5,10317.142,0,35
"3250",1,29,2,0,1,0,0,-300,1489.13897,292,0,0,0,0,0,0,0,1,0,0,0,1.8,-166.667,1,58
"545",1,11,1,4,1,1,1,24082,1479.65685,111,0,0,1,0,1,0,0,1,1,0,0,2,12041,0,21
"2443",1,23,1,3,1,2,1,15859.877,1362.15089,231,0,1,0,0,0,1,0,1,1,0,0,2.6,6099.953,1,45
"4255",1,41,2,4,1,1,2,4900,990.07275,412,0,0,1,0,1,0,0,1,0,1,0,2,2450,1,82
"169",1,4,1,5,1,1,3,9960,3653.33514,41,0,0,0,1,1,0,0,1,0,0,1,1.5,6640,0,7
"3280",1,29,2,3,1,3,1,34930,1497.48406,292,0,1,0,0,0,0,1,1,1,0,0,1.5,23286.667,0,58
"4362",1,41,2,3,1,3,3,11000,1073.42502,412,0,1,0,0,0,0,1,1,0,0,1,2.1,5238.095,1,82
"2587",1,23,1,3,1,3,1,29401,1375.88449,231,0,1,0,0,0,0,1,1,1,0,0,2.1,14000.477,0,45
"4331",1,41,2,3,1,3,1,22867,1410.84901,412,0,1,0,0,0,0,1,1,1,0,0,2,11433.5,0,82
"3578",1,41,2,3,1,2,3,46398,1818.56186,412,0,1,0,0,0,1,0,1,0,0,1,3.5,13256.571,0,82
"3476",1,29,1,5,1,1,3,7168,2619.29743,291,0,0,0,1,1,0,0,1,0,0,1,1,7168,0,57
"94",1,4,2,3,1,2,1,7001,2174.78556,42,0,1,0,0,0,1,0,1,1,0,0,2.1,3333.81,1,8
"2529",1,23,2,3,1,3,3,35291.311,1554.75002,232,0,1,0,0,0,0,1,1,0,0,1,2,17645.656,0,46
"4123",1,41,2,4,1,1,3,15588,445.8055,412,0,0,1,0,1,0,0,1,0,0,1,1.8,8660,0,82
"4458",1,41,2,4,1,2,3,10079,1103.32604,412,0,0,1,0,0,1,0,1,0,0,1,2,5039.5,1,82
"3849",1,41,1,2,1,2,1,12000,2774.36387,411,1,0,0,0,0,1,0,1,1,0,0,2,6000,1,81
"2285",1,21,1,3,1,2,1,32201,1815.05624,211,0,1,0,0,0,1,0,1,1,0,0,1.5,21467.333,0,41
"81",1,4,2,3,1,2,2,17920,2770.32685,42,0,1,0,0,0,1,0,1,0,1,0,2,8960,0,8
"2780",1,23,1,1,1,0,0,7200,1193.29442,231,0,0,0,0,0,0,0,1,0,0,0,2.3,3130.435,1,45
"2918",1,29,2,5,1,2,3,11886,2764.36107,292,0,0,0,1,0,1,0,1,0,0,1,1.5,7924,0,58
"588",1,11,2,3,1,3,1,70679.808,475.89836,112,0,1,0,0,0,0,1,1,1,0,0,2,35339.904,0,22
"3655",1,41,2,3,1,3,1,69935,2419.24268,412,0,1,0,0,0,0,1,1,1,0,0,2.5,27974,0,82
"2467",1,23,2,2,1,2,3,13000,1175.54845,232,1,0,0,0,0,1,0,1,0,0,1,2,6500,1,46
"6013",2,50,1,0,1,0,0,19950,124.38776,501,0,0,0,0,0,0,0,1,0,0,0,2.6,7673.077,0,99
"4738",2,22,1,3,1,3,3,45593,238.24375,221,0,1,0,0,0,0,1,1,0,0,1,2.5,18237.2,0,43
"5210",2,50,2,5,1,1,3,14348,676.1383,502,0,0,0,1,1,0,0,1,0,0,1,2,7174,0,100
"5801",2,50,2,3,1,1,3,21000,341.43767,502,0,1,0,0,1,0,0,1,0,0,1,2.5,8400,0,100
"4898",2,50,2,2,1,1,3,13263.897,576.27311,502,1,0,0,0,1,0,0,1,0,0,1,2.3,5766.912,1,100
"5777",2,50,1,5,1,1,3,18086.507,244.87506,501,0,0,0,1,1,0,0,1,0,0,1,2.5,7234.603,0,99
"5570",2,50,1,0,1,0,0,41254,434.60131,501,0,0,0,0,0,0,0,1,0,0,0,2.1,19644.763,0,99
"4666",2,22,1,3,1,3,1,35201.092,812.96926,221,0,1,0,0,0,0,1,1,1,0,0,2.1,16762.426,0,43
"4981",2,50,2,0,1,0,0,26789.7,687.48885,502,0,0,0,0,0,0,0,1,0,0,0,2.1,12757.001,0,100
"5360",2,50,2,3,1,1,3,23540,790.73222,502,0,1,0,0,1,0,0,1,0,0,1,2,11770,0,100
"5251",2,50,2,4,1,0,0,28981.821,748.1725,502,0,0,1,0,0,0,0,1,0,0,0,2.5,11592.728,0,100
"5042",2,50,2,4,1,3,1,49462.651,115.817,502,0,0,1,0,0,0,1,1,1,0,0,1.5,32975.101,0,100
"5755",2,50,1,0,1,0,0,46156,1795.92902,501,0,0,0,0,0,0,0,1,0,0,0,1.8,25642.223,0,99
"5060",2,50,1,4,1,1,1,24528,1156.31964,501,0,0,1,0,1,0,0,1,1,0,0,2.5,9811.2,0,99
"5397",2,50,2,0,1,0,0,29020,259.53854,502,0,0,0,0,0,0,0,1,0,0,0,2.8,10364.286,0,100
"4619",2,22,2,4,1,1,1,28155.886,371.8669,222,0,0,1,0,1,0,0,1,1,0,0,1.5,18770.591,0,44
"5551",2,50,1,4,1,2,2,12900,244.08806,501,0,0,1,0,0,1,0,1,0,1,0,1.5,8600,0,99
"4875",2,44,1,2,1,2,1,25161,257.3732,441,1,0,0,0,0,1,0,1,1,0,0,2.3,10939.565,0,87
"5969",2,50,1,3,1,2,1,30752.172,666.00064,501,0,1,0,0,0,1,0,1,1,0,0,1.5,20501.448,0,99
"5204",2,50,1,2,0,1,3,11254,796.93983,501,1,0,0,0,1,0,0,0,0,0,1,2,5627,1,99
"4613",2,22,1,3,1,2,1,33196,952.44421,221,0,1,0,0,0,1,0,1,1,0,0,1.8,18442.223,0,43
"4715",2,22,2,3,1,3,1,43380,1395.76269,222,0,1,0,0,0,0,1,1,1,0,0,2.5,17352,0,44
"4949",2,50,1,3,1,2,1,15000,394.24607,501,0,1,0,0,0,1,0,1,1,0,0,1.5,10000,0,99
"5467",2,50,2,3,1,2,1,32380,382.21237,502,0,1,0,0,0,1,0,1,1,0,0,2,16190,0,100
"5780",2,50,1,0,1,0,0,9097.395,587.4684,501,0,0,0,0,0,0,0,1,0,0,0,2.1,4332.093,1,99
"4582",2,22,2,0,1,0,0,16319.588,401.23022,222,0,0,0,0,0,0,0,1,0,0,0,2.1,7771.233,0,44
"6014",2,50,1,0,1,0,0,19950,124.38776,501,0,0,0,0,0,0,0,1,0,0,0,2.6,7673.077,0,99
"4516",2,22,2,3,1,1,3,19593,895.18967,222,0,1,0,0,1,0,0,1,0,0,1,2.3,8518.696,0,44
"5767",2,50,1,4,1,1,3,3960,329.60179,501,0,0,1,0,1,0,0,1,0,0,1,1.5,2640,1,99
"5085",2,50,2,4,1,2,1,14000,80.34531,502,0,0,1,0,0,1,0,1,1,0,0,1,14000,0,100
"5157",2,50,2,5,1,1,3,6300,1335.36072,502,0,0,0,1,1,0,0,1,0,0,1,1.5,4200,1,100
"5190",2,50,1,4,1,2,3,25760,399.35203,501,0,0,1,0,0,1,0,1,0,0,1,2,12880,0,99
"5994",2,50,1,2,1,3,3,37460,182.44072,501,1,0,0,0,0,0,1,1,0,0,1,2.5,14984,0,99
"5120",2,50,1,2,1,1,3,23009,503.36975,501,1,0,0,0,1,0,0,1,0,0,1,2.5,9203.6,0,99
"4534",2,22,1,5,1,1,3,11592,547.58699,221,0,0,0,1,1,0,0,1,0,0,1,1.5,7728,0,43
"5172",2,50,2,3,1,2,1,27170,355.6001,502,0,1,0,0,0,1,0,1,1,0,0,2.5,10868,0,100
"5257",2,50,1,3,1,2,1,54581,148.44654,501,0,1,0,0,0,1,0,1,1,0,0,2.8,19493.215,0,99
"5102",2,50,2,0,1,0,0,57358,893.74119,502,0,0,0,0,0,0,0,1,0,0,0,1.8,31865.556,0,100
"7590",3,33,1,4,1,1,1,27456.247,806.86099,331,0,0,1,0,1,0,0,1,1,0,0,2.5,10982.499,0,65
"6395",3,33,2,3,1,2,1,13946,295.12392,332,0,1,0,0,0,1,0,1,1,0,0,2,6973,0,66
"6312",3,33,1,3,1,1,1,22389.353,171.76717,331,0,1,0,0,1,0,0,1,1,0,0,3.1,7222.372,0,65
"6824",3,33,1,3,1,1,3,27605,277.96373,331,0,1,0,0,1,0,0,1,0,0,1,2.1,13145.239,0,65
"7345",3,33,2,5,1,1,3,10608,711.96849,332,0,0,0,1,1,0,0,1,0,0,1,1.5,7072,0,66
"7482",3,33,1,2,1,2,3,14750.463,1951.95008,331,1,0,0,0,0,1,0,1,0,0,1,2.5,5900.185,1,65
"6122",3,33,1,5,1,1,3,13245.623,586.49566,331,0,0,0,1,1,0,0,1,0,0,1,1.5,8830.415,0,65
"7053",3,33,2,3,1,1,3,30101,373.97332,332,0,1,0,0,1,0,0,1,0,0,1,2.3,13087.392,0,66
"7281",3,33,1,3,1,1,3,9486.332,812.0925,331,0,1,0,0,1,0,0,1,0,0,1,2.1,4517.301,1,65
"6146",3,33,2,1,1,0,0,14000,1059.16739,332,0,0,0,0,0,0,0,1,0,0,0,2.3,6086.957,1,66
"6324",3,33,2,3,1,2,3,21561,1213.40053,332,0,1,0,0,0,1,0,1,0,0,1,1.8,11978.334,0,66
"7216",3,33,2,5,1,1,3,6132,515.41726,332,0,0,0,1,1,0,0,1,0,0,1,1,6132,1,66
"6684",3,33,1,3,1,2,1,17500,730.45486,331,0,1,0,0,0,1,0,1,1,0,0,2,8750,0,65
"6214",3,33,2,3,1,1,2,16832.259,226.84665,332,0,1,0,0,1,0,0,1,0,1,0,2.6,6473.946,1,66
"7526",3,33,2,3,1,3,1,40038.216,861.10439,332,0,1,0,0,0,0,1,1,1,0,0,2.1,19065.818,0,66
"7461",3,33,2,3,1,2,1,42382.45,2659.54212,332,0,1,0,0,0,1,0,1,1,0,0,2.5,16952.98,0,66
"7432",3,33,2,3,1,2,3,20320,503.80983,332,0,1,0,0,0,1,0,1,0,0,1,1.8,11288.889,0,66
"7496",3,33,2,0,1,0,0,45000,1060.86476,332,0,0,0,0,0,0,0,1,0,0,0,2.1,21428.572,0,66
"6227",3,33,2,4,1,2,1,20970,362.88638,332,0,0,1,0,0,1,0,1,1,0,0,1.5,13980,0,66
"7114",3,33,2,5,1,1,3,31948.441,191.48671,332,0,0,0,1,1,0,0,1,0,0,1,1.5,21298.961,0,66
"6599",3,33,2,4,1,1,3,28051,485.61638,332,0,0,1,0,1,0,0,1,0,0,1,2.3,12196.087,0,66
"7106",3,33,2,1,1,0,0,15187,338.15995,332,0,0,0,0,0,0,0,1,0,0,0,2.5,6074.8,1,66
"6661",3,33,1,3,1,2,1,16365,156.01484,331,0,1,0,0,0,1,0,1,1,0,0,1,16365,0,65
"6634",3,33,2,3,1,2,1,40844,247.00621,332,0,1,0,0,0,1,0,1,1,0,0,3,13614.667,0,66
"6537",3,33,2,2,1,2,1,25394,464.8496,332,1,0,0,0,0,1,0,1,1,0,0,2.5,10157.6,0,66
"6786",3,33,1,5,1,3,3,19413,767.86763,331,0,0,0,1,0,0,1,1,0,0,1,1,19413,0,65
"7211",3,33,1,3,1,2,1,19945.207,257.85288,331,0,1,0,0,0,1,0,1,1,0,0,1.8,11080.671,0,65
"7149",3,33,2,0,1,0,0,600,178.27048,332,0,0,0,0,0,0,0,1,0,0,0,1.8,333.333,1,66
"6847",3,33,2,4,1,2,3,16707.969,598.21406,332,0,0,1,0,0,1,0,1,0,0,1,1.5,11138.646,0,66
"6182",3,33,2,5,1,1,3,30768,196.14087,332,0,0,0,1,1,0,0,1,0,0,1,2.9,10609.655,0,66
"6819",3,33,1,3,1,2,1,52588.06,347.44386,331,0,1,0,0,0,1,0,1,1,0,0,2,26294.03,0,65
"7004",3,33,1,2,1,2,1,14624,758.16923,331,1,0,0,0,0,1,0,1,1,0,0,1.8,8124.445,0,65
"7038",3,33,2,5,1,1,3,7200,365.40355,332,0,0,0,1,1,0,0,1,0,0,1,1.5,4800,1,66
"7082",3,33,1,3,1,1,1,19701.065,244.95719,331,0,1,0,0,1,0,0,1,1,0,0,2.5,7880.426,0,65
"6444",3,33,1,3,1,2,1,35550,689.32093,331,0,1,0,0,0,1,0,1,1,0,0,1,35550,0,65
"6208",3,33,1,3,1,1,1,53931.727,180.0647,331,0,1,0,0,1,0,0,1,1,0,0,3,17977.242,0,65
"7527",3,33,1,3,1,2,1,40038.216,861.10439,331,0,1,0,0,0,1,0,1,1,0,0,2.1,19065.818,0,65
"7124",3,33,1,4,1,1,3,34600,472.02303,331,0,0,1,0,1,0,0,1,0,0,1,2.8,12357.143,0,65
"7189",3,33,1,4,1,2,3,28000,224.90077,331,0,0,1,0,0,1,0,1,0,0,1,2.3,12173.913,0,65
"6343",3,33,1,3,1,3,1,46497.6,1329.25347,331,0,1,0,0,0,0,1,1,1,0,0,2,23248.8,0,65
"8711",4,7,2,3,1,1,1,5200,50.78701,72,0,1,0,0,1,0,0,1,1,0,0,1,5200,1,14
"8137",4,7,2,4,1,3,3,38092.034,533.9101,72,0,0,1,0,0,0,1,1,0,0,1,2.5,15236.814,0,14
"7772",4,7,1,2,1,0,0,22767.057,368.57628,71,1,0,0,0,0,0,0,1,0,0,0,3,7589.019,0,13
"8444",4,7,2,0,1,0,0,35796.513,159.46644,72,0,0,0,0,0,0,0,1,0,0,0,3.4,10528.386,0,14
"7774",4,7,2,3,1,2,3,23645,717.64801,72,0,1,0,0,0,1,0,1,0,0,1,1.8,13136.111,0,14
"8757",4,7,1,4,1,3,1,30669.62,326.42752,71,0,0,1,0,0,0,1,1,1,0,0,1.5,20446.413,0,13
"8637",4,7,2,1,1,0,0,11500,51.93846,72,0,0,0,0,0,0,0,1,0,0,0,1.8,6388.889,1,14
"8899",4,7,1,4,1,1,1,14548.506,1315.25674,71,0,0,1,0,1,0,0,1,1,0,0,2,7274.253,0,13
"8298",4,7,2,2,1,0,0,34793.032,773.36581,72,1,0,0,0,0,0,0,1,0,0,0,2,17396.516,0,14
"7835",4,7,1,3,1,2,1,28941,1327.75252,71,0,1,0,0,0,1,0,1,1,0,0,2,14470.5,0,13
"8240",4,7,2,3,1,0,0,26355.656,167.67885,72,0,1,0,0,0,0,0,1,0,0,0,1.5,17570.437,0,14
"8858",4,7,2,3,1,2,1,15631.647,603.81979,72,0,1,0,0,0,1,0,1,1,0,0,1.8,8684.249,0,14
"8743",4,7,2,5,1,2,3,25049.069,565.48744,72,0,0,0,1,0,1,0,1,0,0,1,1.5,16699.379,0,14
"8325",4,7,1,2,1,2,1,66829.21,499.97958,71,1,0,0,0,0,1,0,1,1,0,0,2,33414.605,0,13
"7946",4,7,1,3,1,2,1,32120,724.15346,71,0,1,0,0,0,1,0,1,1,0,0,2.1,15295.239,0,13
"7908",4,7,2,4,1,1,1,42850,1860.25562,72,0,0,1,0,1,0,0,1,1,0,0,2,21425,0,14
"8433",4,7,1,5,1,2,3,20427,142.38704,71,0,0,0,1,0,1,0,1,0,0,1,2,10213.5,0,13
"8289",4,7,1,4,1,1,2,30100,1776.72708,71,0,0,1,0,1,0,0,1,0,1,0,3,10033.333,0,13
"8191",4,7,2,3,1,3,3,23400,966.87415,72,0,1,0,0,0,0,1,1,0,0,1,2,11700,0,14
"8897",4,7,1,5,1,1,1,28267.938,390.19012,71,0,0,0,1,1,0,0,1,1,0,0,1.5,18845.292,0,13
"7792",4,7,1,2,1,2,1,60069.698,725.93702,71,1,0,0,0,0,1,0,1,1,0,0,2.5,24027.879,0,13
"7876",4,7,2,5,1,1,3,4944,763.19718,72,0,0,0,1,1,0,0,1,0,0,1,1,4944,1,14
"8517",4,7,2,0,1,0,0,42534.646,377.70818,72,0,0,0,0,0,0,0,1,0,0,0,2.6,16359.48,0,14
"8821",4,7,1,4,1,2,3,6712.091,1115.27959,71,0,0,1,0,0,1,0,1,0,0,1,1.5,4474.727,1,13
"7727",4,7,1,3,1,0,0,19925,247.02504,71,0,1,0,0,0,0,0,1,0,0,0,2,9962.5,0,13
"7830",4,7,1,4,1,0,0,27473.667,176.14647,71,0,0,1,0,0,0,0,1,0,0,0,3,9157.889,0,13
"7737",4,7,2,5,1,1,3,13832,1224.92767,72,0,0,0,1,1,0,0,1,0,0,1,2,6916,0,14
"8794",4,7,1,5,1,3,3,6872,623.40796,71,0,0,0,1,0,0,1,1,0,0,1,2,3436,1,13
"7697",4,7,1,3,1,1,1,54379.539,721.36019,71,0,1,0,0,1,0,0,1,1,0,0,3,18126.513,0,13
"8042",4,7,1,3,1,2,2,19243,1149.31683,71,0,1,0,0,0,1,0,1,0,1,0,1.5,12828.667,0,13
"8314",4,7,1,4,1,1,2,12614,1283.92276,71,0,0,1,0,1,0,0,1,0,1,0,1.5,8409.333,0,13
"8234",4,7,1,4,1,2,3,19874.297,1258.81817,71,0,0,1,0,0,1,0,1,0,0,1,2,9937.148,0,13
"10512",5,38,2,3,1,2,2,32045.977,1073.99559,382,0,1,0,0,0,1,0,1,0,1,0,3.1,10337.412,0,76
"10543",5,38,2,4,1,1,1,27011,1767.68851,382,0,0,1,0,1,0,0,1,1,0,0,2,13505.5,0,76
"9870",5,35,1,0,1,0,0,8000,4953.31086,351,0,0,0,0,0,0,0,1,0,0,0,1.8,4444.445,1,69
"9838",5,35,2,3,0,2,3,15084,1411.57947,352,0,1,0,0,0,1,0,0,0,0,1,1.8,8380,0,70
"9326",5,35,2,3,1,2,1,17347,1719.50793,352,0,1,0,0,0,1,0,1,1,0,0,2.3,7542.174,0,70
"9676",5,35,1,4,1,3,1,23484.971,490.54093,351,0,0,1,0,0,0,1,1,1,0,0,2.3,10210.857,0,69
"10630",5,38,1,2,1,2,1,28370,753.98407,381,1,0,0,0,0,1,0,1,1,0,0,2,14185,0,75
"9305",5,35,2,2,1,2,3,16724,915.88641,352,1,0,0,0,0,1,0,1,0,0,1,1,16724,0,70
"9340",5,35,1,3,1,2,3,19188,469.02452,351,0,1,0,0,0,1,0,1,0,0,1,1.5,12792,0,69
"10155",5,38,2,2,1,2,2,42835,1322.21607,382,1,0,0,0,0,1,0,1,0,1,0,2,21417.5,0,76
"9385",5,35,1,4,0,2,3,4812,1387.51091,351,0,0,1,0,0,1,0,0,0,0,1,1.5,3208,1,69
"9548",5,35,2,3,1,1,1,14530,56.54228,352,0,1,0,0,1,0,0,1,1,0,0,1.8,8072.222,0,70
"10338",5,38,2,5,1,1,3,13104,984.44332,382,0,0,0,1,1,0,0,1,0,0,1,2,6552,1,76
"9701",5,35,1,3,1,2,1,30600,1455.09732,351,0,1,0,0,0,1,0,1,1,0,0,2.8,10928.572,0,69
"9038",5,35,2,4,1,3,1,100900.462,573.43715,352,0,0,1,0,0,0,1,1,1,0,0,1.5,67266.975,0,70
"10389",5,38,2,1,1,0,0,23014,755.52531,382,0,0,0,0,0,0,0,1,0,0,0,2.5,9205.6,0,76
"9075",5,35,1,4,1,1,1,26120,909.59271,351,0,0,1,0,1,0,0,1,1,0,0,2,13060,0,69
"10320",5,38,1,3,1,2,3,15204,2771.74696,381,0,1,0,0,0,1,0,1,0,0,1,2,7602,0,75
"9199",5,35,1,3,1,1,1,23310,2187.20745,351,0,1,0,0,1,0,0,1,1,0,0,2.5,9324,0,69
"9695",5,35,2,3,1,1,3,8279.472,1246.45148,352,0,1,0,0,1,0,0,1,0,0,1,1.5,5519.648,1,70
"10452",5,38,1,0,1,0,0,18884,594.18521,381,0,0,0,0,0,0,0,1,0,0,0,2.1,8992.381,0,75
"10225",5,38,2,0,1,0,0,16495,628.74614,382,0,0,0,0,0,0,0,1,0,0,0,1.6,10309.375,0,76
"9283",5,35,1,4,1,3,3,35754.418,788.26955,351,0,0,1,0,0,0,1,1,0,0,1,1.8,19863.566,0,69
"10034",5,38,2,3,1,2,3,11446.068,1560.83545,382,0,1,0,0,0,1,0,1,0,0,1,2.4,4769.195,1,76
"9142",5,35,1,5,1,3,3,10480,1153.12495,351,0,0,0,1,0,0,1,1,0,0,1,2,5240,1,69
"10560",5,38,2,3,0,2,1,29551.424,1128.15221,382,0,1,0,0,0,1,0,0,1,0,0,1.5,19700.949,0,76
"9216",5,35,1,3,1,2,1,25905,780.107,351,0,1,0,0,0,1,0,1,1,0,0,2.5,10362,0,69
"8969",5,35,2,3,1,2,1,29794.966,681.89039,352,0,1,0,0,0,1,0,1,1,0,0,2.5,11917.986,0,70
"9114",5,35,1,4,1,2,1,102522,876.88797,351,0,0,1,0,0,1,0,1,1,0,0,2.5,41008.8,0,69
"9667",5,35,2,4,1,2,3,11627,802.17187,352,0,0,1,0,0,1,0,1,0,0,1,2.5,4650.8,1,70
"10551",5,38,2,3,1,2,3,9980,1513.45511,382,0,1,0,0,0,1,0,1,0,0,1,1.8,5544.445,1,76
"10577",5,38,1,5,1,1,3,3584,839.99909,381,0,0,0,1,1,0,0,1,0,0,1,1.5,2389.333,1,75
"9642",5,35,2,5,1,1,3,9800,484.47012,352,0,0,0,1,1,0,0,1,0,0,1,1.5,6533.333,1,70
"10218",5,38,2,5,1,1,3,7318,1734.90448,382,0,0,0,1,1,0,0,1,0,0,1,1.5,4878.667,1,76
"10300",5,38,2,2,1,2,3,45145.101,1992.58316,382,1,0,0,0,0,1,0,1,0,0,1,2.5,18058.04,0,76
"9849",5,35,2,0,1,0,0,8915,1307.11279,352,0,0,0,0,0,0,0,1,0,0,0,1.8,4952.778,1,70
"10346",5,38,1,0,1,0,0,26344.267,519.21799,381,0,0,0,0,0,0,0,1,0,0,0,2.8,9408.667,0,75
"9454",5,35,2,0,1,0,0,41465,3117.0641,352,0,0,0,0,0,0,0,1,0,0,0,4.4,9423.863,0,70
"10386",5,38,1,4,1,3,1,23014,755.52531,381,0,0,1,0,0,0,1,1,1,0,0,2.5,9205.6,0,75
"10148",5,38,1,4,1,2,1,20541.188,741.77307,381,0,0,1,0,0,1,0,1,1,0,0,2.8,7336.139,0,75
"9118",5,35,2,5,1,2,3,18271,773.92139,352,0,0,0,1,0,1,0,1,0,0,1,2.8,6525.357,1,70
"9714",5,35,2,4,1,2,3,19333,2704.83458,352,0,0,1,0,0,1,0,1,0,0,1,2,9666.5,0,70
"9943",5,38,2,2,1,2,3,14150,547.20039,382,1,0,0,0,0,1,0,1,0,0,1,2.5,5660,1,76
"11259",6,39,1,5,1,1,3,5203.809,924.46647,391,0,0,0,1,1,0,0,1,0,0,1,2,2601.905,1,77
"10859",6,39,2,5,1,1,3,11052,334.25145,392,0,0,0,1,1,0,0,1,0,0,1,1.5,7368,0,78
"11211",6,39,1,0,1,0,0,10210.999,107.40441,391,0,0,0,0,0,0,0,1,0,0,0,2.8,3646.785,1,77
"11040",6,39,1,5,1,1,3,14006,363.56534,391,0,0,0,1,1,0,0,1,0,0,1,1.5,9337.333,0,77
"10979",6,39,1,4,1,2,3,17600,200.00785,391,0,0,1,0,0,1,0,1,0,0,1,1.5,11733.333,0,77
"10981",6,39,1,5,1,3,3,20236,565.92779,391,0,0,0,1,0,0,1,1,0,0,1,1.5,13490.667,0,77
"10997",6,39,1,5,1,1,3,41536,422.28656,391,0,0,0,1,1,0,0,1,0,0,1,3.3,12586.667,0,77
"10854",6,39,1,2,1,2,3,31351.48,496.71803,391,1,0,0,0,0,1,0,1,0,0,1,1,31351.48,0,77
"10923",6,39,1,3,1,2,1,18986.471,335.13347,391,0,1,0,0,0,1,0,1,1,0,0,2,9493.236,0,77
"11504",6,39,1,3,1,2,1,11520,498.41938,391,0,1,0,0,0,1,0,1,1,0,0,2,5760,1,77
"10747",6,39,2,5,1,2,3,44160.197,215.87247,392,0,0,0,1,0,1,0,1,0,0,1,3.5,12617.199,0,78
"10668",6,39,1,3,1,2,1,29961.32,946.55597,391,0,1,0,0,0,1,0,1,1,0,0,1.5,19974.213,0,77
"11149",6,39,2,2,1,2,3,27371.192,305.71053,392,1,0,0,0,0,1,0,1,0,0,1,2.5,10948.477,0,78
"11250",6,39,2,3,1,2,1,11726.038,962.64932,392,0,1,0,0,0,1,0,1,1,0,0,2.3,5098.277,1,78
"10890",6,39,1,3,1,2,1,24205,2240.84288,391,0,1,0,0,0,1,0,1,1,0,0,2.1,11526.191,0,77
"11305",6,39,1,5,1,1,3,15840,150.4547,391,0,0,0,1,1,0,0,1,0,0,1,1.5,10560,0,77
"10774",6,39,1,3,1,3,1,59082,1066.90291,391,0,1,0,0,0,0,1,1,1,0,0,2.1,28134.287,0,77
"10991",6,39,1,2,1,2,1,28344,183.23682,391,1,0,0,0,0,1,0,1,1,0,0,2.5,11337.6,0,77
"10742",6,39,1,2,1,2,3,25412.03,238.21171,391,1,0,0,0,0,1,0,1,0,0,1,2,12706.015,0,77
"10757",6,39,1,0,1,0,0,35350,2486.44374,391,0,0,0,0,0,0,0,1,0,0,0,2.1,16833.334,0,77
"10696",6,39,2,0,1,0,0,5833,372.17259,392,0,0,0,0,0,0,0,1,0,0,0,2.3,2536.087,1,78
"10771",6,39,2,3,1,2,1,35902.54,1003.02788,392,0,1,0,0,0,1,0,1,1,0,0,2.3,15609.8,0,78
"13119",7,47,1,3,1,2,1,23800,1270.9039,471,0,1,0,0,0,1,0,1,1,0,0,2,11900,0,93
"11616",7,5,1,2,1,2,3,63001.805,1125.44903,51,1,0,0,0,0,1,0,1,0,0,1,2.5,25200.722,0,9
"12705",7,37,1,3,1,2,3,20550,735.29019,371,0,1,0,0,0,1,0,1,0,0,1,2,10275,0,73
"12048",7,24,2,0,1,0,0,24760,1067.4421,242,0,0,0,0,0,0,0,1,0,0,0,2.1,11790.477,0,48
"12820",7,37,2,4,1,1,3,36894.223,189.32206,372,0,0,1,0,1,0,0,1,0,0,1,3.5,10541.207,0,74
"12316",7,24,1,3,1,1,1,8343.843,1184.84863,241,0,1,0,0,1,0,0,1,1,0,0,2.1,3973.259,1,47
"12753",7,37,2,4,1,1,3,18444.443,973.88258,372,0,0,1,0,1,0,0,1,0,0,1,2,9222.221,0,74
"13774",7,49,2,5,1,1,3,18992,1326.24735,492,0,0,0,1,1,0,0,1,0,0,1,1,18992,0,98
"13602",7,47,2,4,1,1,3,14100,317.67052,472,0,0,1,0,1,0,0,1,0,0,1,1.5,9400,0,94
"11907",7,9,2,3,1,3,1,21594.434,762.50604,92,0,1,0,0,0,0,1,1,1,0,0,1.5,14396.289,0,18
"11603",7,5,2,5,1,1,3,4925,1430.35922,52,0,0,0,1,1,0,0,1,0,0,1,1,4925,1,10
"12785",7,37,1,3,1,0,0,36637.362,926.51751,371,0,1,0,0,0,0,0,1,0,0,0,2.5,14654.945,0,73
"13575",7,47,2,4,1,3,1,41650,1019.85015,472,0,0,1,0,0,0,1,1,1,0,0,2.3,18108.696,0,94
"11891",7,9,2,3,1,0,0,35961.308,587.62192,92,0,1,0,0,0,0,0,1,0,0,0,2,17980.654,0,18
"11804",7,9,1,3,1,2,1,21780,1831.88546,91,0,1,0,0,0,1,0,1,1,0,0,2,10890,0,17
"12539",7,34,1,3,1,2,1,23172,466.57758,341,0,1,0,0,0,1,0,1,1,0,0,2,11586,0,67
"11784",7,9,2,4,1,1,3,41100,994.47972,92,0,0,1,0,1,0,0,1,0,0,1,2.5,16440,0,18
"12291",7,24,1,3,1,2,1,15000,1296.87582,241,0,1,0,0,0,1,0,1,1,0,0,2,7500,0,47
"13541",7,47,1,4,1,2,1,22684.973,2096.06633,471,0,0,1,0,0,1,0,1,1,0,0,2.5,9073.989,0,93
"11710",7,9,1,4,1,1,1,29208,794.60725,91,0,0,1,0,1,0,0,1,1,0,0,2,14604,0,17
"12074",7,24,2,4,1,1,3,24212,533.05836,242,0,0,1,0,1,0,0,1,0,0,1,2,12106,0,48
"11810",7,9,1,3,1,1,1,33500,1515.74211,91,0,1,0,0,1,0,0,1,1,0,0,2,16750,0,17
"11577",7,5,2,4,1,1,1,9720,841.89198,52,0,0,1,0,1,0,0,1,1,0,0,1.5,6480,1,10
"13834",7,49,1,2,1,3,3,35872,1095.09784,491,1,0,0,0,0,0,1,1,0,0,1,3,11957.333,0,97
"13817",7,49,1,0,1,0,0,22390.423,1547.98164,491,0,0,0,0,0,0,0,1,0,0,0,2.1,10662.107,0,97
"13173",7,47,2,5,1,1,3,2940,901.24097,472,0,0,0,1,1,0,0,1,0,0,1,2,1470,1,94
"12998",7,40,1,3,1,1,1,19432.8,1072.47432,401,0,1,0,0,1,0,0,1,1,0,0,1.5,12955.2,0,79
"13508",7,47,1,5,1,2,3,8460,1547.12245,471,0,0,0,1,0,1,0,1,0,0,1,1.5,5640,1,93
"11792",7,9,2,4,1,1,3,21504.791,653.80178,92,0,0,1,0,1,0,0,1,0,0,1,3,7168.264,0,18
"13824",7,49,2,3,1,2,1,13953.567,275.74775,492,0,1,0,0,0,1,0,1,1,0,0,2.8,4983.417,1,98
"12450",7,34,2,1,1,0,0,27660,226.22128,342,0,0,0,0,0,0,0,1,0,0,0,2.8,9878.572,0,68
"13188",7,47,2,5,1,1,3,10228,1997.89856,472,0,0,0,1,1,0,0,1,0,0,1,2,5114,1,94
"11543",7,5,1,5,1,1,3,6010,750.63523,51,0,0,0,1,1,0,0,1,0,0,1,1.5,4006.667,1,9
"11999",7,24,2,2,1,1,3,24154,1000.77151,242,1,0,0,0,1,0,0,1,0,0,1,2,12077,0,48
"11959",7,9,1,0,1,0,0,4500,2537.73282,91,0,0,0,0,0,0,0,1,0,0,0,2.1,2142.857,1,17
"12143",7,24,2,4,1,1,3,11301.664,661.89202,242,0,0,1,0,1,0,0,1,0,0,1,2.3,4913.767,1,48
"13608",7,47,2,3,1,3,3,13000,1214.83717,472,0,1,0,0,0,0,1,1,0,0,1,1.5,8666.667,0,94
"13405",7,47,1,3,1,3,2,25040.127,1747.96768,471,0,1,0,0,0,0,1,1,0,1,0,1.5,16693.418,0,93
"13833",7,49,2,3,1,3,1,35872,1095.09784,492,0,1,0,0,0,0,1,1,1,0,0,3,11957.333,0,98
"13316",7,47,2,3,1,3,1,20678.2,824.7482,472,0,1,0,0,0,0,1,1,1,0,0,2.1,9846.762,0,94
"12905",7,37,2,5,1,1,3,13253.873,502.73857,372,0,0,0,1,1,0,0,1,0,0,1,1.5,8835.915,0,74
"13285",7,47,2,5,1,1,3,9400,593.13836,472,0,0,0,1,1,0,0,1,0,0,1,1,9400,0,94
"11862",7,9,1,2,1,2,3,24046,951.3801,91,1,0,0,0,0,1,0,1,0,0,1,2.3,10454.783,0,17
"11720",7,9,1,3,1,1,1,33190,521.47432,91,0,1,0,0,1,0,0,1,1,0,0,2.6,12765.385,0,17
"11937",7,9,2,5,1,1,3,11639.303,464.77654,92,0,0,0,1,1,0,0,1,0,0,1,1.5,7759.535,0,18
"13702",7,49,2,5,1,1,3,7896,1326.24735,492,0,0,0,1,1,0,0,1,0,0,1,1,7896,0,98
"11596",7,5,1,5,1,1,3,9100,817.87441,51,0,0,0,1,1,0,0,1,0,0,1,1.5,6066.667,1,9
"13762",7,49,2,5,1,1,3,26578,1799.00751,492,0,0,0,1,1,0,0,1,0,0,1,1.5,17718.667,0,98
"13248",7,47,1,5,1,1,3,40978,263.37008,471,0,0,0,1,1,0,0,1,0,0,1,3,13659.333,0,93
"13347",7,47,2,3,1,2,1,67229,628.36107,472,0,1,0,0,0,1,0,1,1,0,0,2.3,29230.001,0,94
"13647",7,47,1,5,1,3,3,44526,976.00197,471,0,0,0,1,0,0,1,1,0,0,1,2,22263,0,93
"12027",7,24,1,2,1,1,3,22766.99,423.12729,241,1,0,0,0,1,0,0,1,0,0,1,3.3,6899.088,0,47
"13323",7,47,2,5,1,1,3,7055.88,1564.96779,472,0,0,0,1,1,0,0,1,0,0,1,1,7055.88,0,94
"12503",7,34,1,5,1,1,3,18974.108,577.62985,341,0,0,0,1,1,0,0,1,0,0,1,3,6324.703,1,67
"11903",7,9,2,3,1,3,1,11310,1159.42569,92,0,1,0,0,0,0,1,1,1,0,0,2.1,5385.715,1,18
"13393",7,47,2,5,1,1,3,10360,904.02094,472,0,0,0,1,1,0,0,1,0,0,1,1.5,6906.667,0,94
"12290",7,24,2,4,1,1,3,15000,1296.87582,242,0,0,1,0,1,0,0,1,0,0,1,2,7500,0,48
"11751",7,9,1,3,1,2,1,15180,550.44424,91,0,1,0,0,0,1,0,1,1,0,0,1,15180,0,17
"14351",8,13,2,3,1,3,1,21425,3775.73927,132,0,1,0,0,0,0,1,1,1,0,0,1.5,14283.333,0,26
"14461",8,13,2,4,1,2,3,48446.28,1897.34481,132,0,0,1,0,0,1,0,1,0,0,1,2.5,19378.512,0,26
"14906",8,16,1,4,1,2,1,28510,770.46065,161,0,0,1,0,0,1,0,1,1,0,0,3,9503.333,0,31
"13969",8,2,1,4,1,1,1,39451.628,205.28482,21,0,0,1,0,1,0,0,1,1,0,0,3.5,11271.894,0,3
"14965",8,19,1,4,1,2,1,22353,298.23282,191,0,0,1,0,0,1,0,1,1,0,0,2,11176.5,0,37
"14738",8,13,2,3,1,2,3,16039.412,1026.20433,132,0,1,0,0,0,1,0,1,0,0,1,2.1,7637.816,0,26
"14491",8,13,1,3,1,0,0,39030.392,1990.02871,131,0,1,0,0,0,0,0,1,0,0,0,3,13010.131,0,25
"14121",8,2,1,3,1,3,1,23880,698.39371,21,0,1,0,0,0,0,1,1,1,0,0,1.8,13266.667,0,3
"15427",8,45,2,3,1,1,3,4800,132.34086,452,0,1,0,0,1,0,0,1,0,0,1,6.9,695.652,1,90
"15637",8,45,1,2,1,2,1,7418.961,490.99687,451,1,0,0,0,0,1,0,1,1,0,0,2.8,2649.629,1,89
"14390",8,13,1,2,1,0,0,32361.46,356.65573,131,1,0,0,0,0,0,0,1,0,0,0,2.5,12944.584,0,25
"14046",8,2,2,4,0,2,3,19480,373.16271,22,0,0,1,0,0,1,0,0,0,0,1,1.5,12986.667,0,4
"14667",8,13,2,1,1,0,0,36558.86,991.45388,132,0,0,0,0,0,0,0,1,0,0,0,3,12186.287,0,26
"15315",8,45,2,3,1,3,1,46200,1666.77967,452,0,1,0,0,0,0,1,1,1,0,0,1.5,30800,0,90
"14798",8,16,2,1,1,0,0,10920,1294.70137,162,0,0,0,0,0,0,0,1,0,0,0,1.8,6066.667,1,32
"14624",8,13,1,4,1,1,1,37817.322,946.06572,131,0,0,1,0,1,0,0,1,1,0,0,2.5,15126.929,0,25
"15215",8,45,1,3,1,1,1,23803.118,2000.71779,451,0,1,0,0,1,0,0,1,1,0,0,2,11901.559,0,89
"14509",8,13,1,0,1,0,0,31239.186,1029.24476,131,0,0,0,0,0,0,0,1,0,0,0,3.3,9466.42,0,25
"15444",8,45,2,4,1,2,3,44980,576.56056,452,0,0,1,0,0,1,0,1,0,0,1,2.5,17992,0,90
"15489",8,45,1,1,1,0,0,16470,1365.42032,451,0,0,0,0,0,0,0,1,0,0,0,2.3,7160.87,0,89
"14032",8,2,1,3,1,3,1,34403.257,1336.23734,21,0,1,0,0,0,0,1,1,1,0,0,2,17201.628,0,3
"14424",8,13,1,3,1,2,1,41175.083,422.36173,131,0,1,0,0,0,1,0,1,1,0,0,2.4,17156.284,0,25
"15102",8,19,2,0,1,0,0,11700,1031.08018,192,0,0,0,0,0,0,0,1,0,0,0,2.1,5571.429,1,38
"14619",8,13,1,2,1,2,3,17500,899.40997,131,1,0,0,0,0,1,0,1,0,0,1,2.5,7000,0,25
"14029",8,2,1,4,1,2,1,20601.704,652.5768,21,0,0,1,0,0,1,0,1,1,0,0,1.5,13734.469,0,3
"14504",8,13,1,3,1,2,1,31239.186,1029.24476,131,0,1,0,0,0,1,0,1,1,0,0,3.3,9466.42,0,25
"15464",8,45,1,5,1,1,3,9849.697,626.2529,451,0,0,0,1,1,0,0,1,0,0,1,1,9849.697,0,89
"15446",8,45,1,2,1,2,3,44980,576.56056,451,1,0,0,0,0,1,0,1,0,0,1,2.5,17992,0,89
"15455",8,45,2,3,1,2,3,20510,1963.08736,452,0,1,0,0,0,1,0,1,0,0,1,1.8,11394.445,0,90
"15425",8,45,1,3,1,1,3,4800,132.34086,451,0,1,0,0,1,0,0,1,0,0,1,6.9,695.652,1,89
"14335",8,13,2,4,1,1,3,29708,260.49038,132,0,0,1,0,1,0,0,1,0,0,1,1.5,19805.333,0,26
"14170",8,2,1,3,1,2,1,5605.793,931.00879,21,0,1,0,0,0,1,0,1,1,0,0,2.5,2242.317,1,3
"15029",8,19,2,3,1,3,1,57274,724.4362,192,0,1,0,0,0,0,1,1,1,0,0,2.8,20455,0,38
"14711",8,13,1,3,1,2,1,1850,976.1779,131,0,1,0,0,0,1,0,1,1,0,0,2.1,880.952,1,25
"15430",8,45,2,1,1,0,0,4800,132.34086,452,0,0,0,0,0,0,0,1,0,0,0,6.9,695.652,1,90
"13935",8,2,1,0,1,0,0,12598.597,1119.52239,21,0,0,0,0,0,0,0,1,0,0,0,2.1,5999.332,1,3
"14948",8,19,1,5,1,1,3,10822,1156.24348,191,0,0,0,1,1,0,0,1,0,0,1,2,5411,1,37
"14588",8,13,2,0,0,0,0,15850,924.69357,132,0,0,0,0,0,0,0,0,0,0,0,2.3,6891.304,0,26
"13934",8,2,2,3,1,3,3,12598.597,1119.52239,22,0,1,0,0,0,0,1,1,0,0,1,2.1,5999.332,1,4
"15211",8,45,1,5,1,2,3,24330,1229.41443,451,0,0,0,1,0,1,0,1,0,0,1,1.5,16220,0,89
"14057",8,2,1,2,1,2,3,17838,1169.38199,21,1,0,0,0,0,1,0,1,0,0,1,2,8919,0,3
"14804",8,16,1,3,1,2,1,25900,803.95787,161,0,1,0,0,0,1,0,1,1,0,0,1.5,17266.667,0,31
"15121",8,19,1,4,1,3,1,13000,1211.87646,191,0,0,1,0,0,0,1,1,1,0,0,1,13000,0,37
"14713",8,13,1,0,1,0,0,1850,976.1779,131,0,0,0,0,0,0,0,1,0,0,0,2.1,880.952,1,25
"18264",9,8,2,5,1,1,3,14000,1919.91884,82,0,0,0,1,1,0,0,1,0,0,1,1.5,9333.333,0,16
"18667",9,17,2,5,1,1,3,5784,1622.24404,172,0,0,0,1,1,0,0,1,0,0,1,1,5784,1,34
"17388",9,8,2,5,1,2,3,21125.65,483.81031,82,0,0,0,1,0,1,0,1,0,0,1,1,21125.65,0,16
"16611",9,8,2,0,1,0,0,11294.08,2244.41312,82,0,0,0,0,0,0,0,1,0,0,0,2.1,5378.134,1,16
"17060",9,8,2,5,1,1,3,8495.295,734.79512,82,0,0,0,1,1,0,0,1,0,0,1,1.5,5663.53,1,16
"17190",9,8,2,4,1,3,1,69116.972,2186.1094,82,0,0,1,0,0,0,1,1,1,0,0,2.5,27646.789,0,16
"18156",9,8,2,3,1,3,1,18677.069,1304.95024,82,0,1,0,0,0,0,1,1,1,0,0,1.8,10376.15,0,16
"17364",9,8,2,3,1,2,3,41067.652,545.82956,82,0,1,0,0,0,1,0,1,0,0,1,2,20533.826,0,16
"15999",9,8,2,0,1,0,0,74505,2201.03079,82,0,0,0,0,0,0,0,1,0,0,0,2.1,35478.573,0,16
"16398",9,8,1,4,1,1,1,43617.958,1697.543,81,0,0,1,0,1,0,0,1,1,0,0,2.5,17447.183,0,15
"17597",9,8,1,4,1,2,1,25847.593,2465.72878,81,0,0,1,0,0,1,0,1,1,0,0,2,12923.797,0,15
"15973",9,8,2,3,1,2,1,48844,1919.4756,82,0,1,0,0,0,1,0,1,1,0,0,3,16281.333,0,16
"18449",9,8,2,0,1,0,0,11631.192,706.30284,82,0,0,0,0,0,0,0,1,0,0,0,2.6,4473.536,1,16
"16415",9,8,2,4,1,1,3,13400,998.43382,82,0,0,1,0,1,0,0,1,0,0,1,1.5,8933.333,0,16
"18467",9,8,1,4,1,2,1,96061.266,981.81969,81,0,0,1,0,0,1,0,1,1,0,0,1.8,53367.371,0,15
"16358",9,8,1,2,1,1,3,39230.328,1868.67877,81,1,0,0,0,1,0,0,1,0,0,1,3,13076.776,0,15
"16013",9,8,2,3,1,2,1,46805.555,2643.0984,82,0,1,0,0,0,1,0,1,1,0,0,2.5,18722.222,0,16
"17892",9,8,1,3,1,2,1,62900,1471.90249,81,0,1,0,0,0,1,0,1,1,0,0,2.3,27347.827,0,15
"18778",9,17,1,3,1,2,1,21732,1015.92217,171,0,1,0,0,0,1,0,1,1,0,0,2.3,9448.696,0,33
"19092",9,43,1,4,1,2,1,37400,2387.10175,431,0,0,1,0,0,1,0,1,1,0,0,2.5,14960,0,85
"17081",9,8,1,3,1,3,1,47825.564,2689.6353,81,0,1,0,0,0,0,1,1,1,0,0,1.8,26569.758,0,15
"19126",9,43,1,0,1,0,0,29833.495,1418.36894,431,0,0,0,0,0,0,0,1,0,0,0,2.1,14206.427,0,85
"17632",9,8,1,4,1,3,3,31000,755.8366,81,0,0,1,0,0,0,1,1,0,0,1,1.5,20666.667,0,15
"16007",9,8,2,3,1,3,1,38840,5174.49384,82,0,1,0,0,0,0,1,1,1,0,0,1.5,25893.333,0,16
"19054",9,25,1,5,1,1,3,8099.012,564.01489,251,0,0,0,1,1,0,0,1,0,0,1,1.5,5399.341,1,49
"16694",9,8,2,0,1,0,0,21605,2174.5233,82,0,0,0,0,0,0,0,1,0,0,0,1.8,12002.778,0,16
"15919",9,8,1,3,1,2,1,1200,2520.05462,81,0,1,0,0,0,1,0,1,1,0,0,1.6,750,1,15
"17077",9,8,2,5,1,2,3,14393.946,471.49273,82,0,0,0,1,0,1,0,1,0,0,1,1,14393.946,0,16
"19345",9,43,1,3,1,2,1,25413.341,1404.88828,431,0,1,0,0,0,1,0,1,1,0,0,2.3,11049.279,0,85
"18535",9,8,1,3,1,2,1,31800.06,1924.78792,81,0,1,0,0,0,1,0,1,1,0,0,1.5,21200.04,0,15
"18694",9,17,2,0,1,0,0,12400,632.36475,172,0,0,0,0,0,0,0,1,0,0,0,1.6,7750,0,34
"17093",9,8,2,4,1,2,3,36377,2518.58572,82,0,0,1,0,0,1,0,1,0,0,1,2,18188.5,0,16
"16304",9,8,1,4,1,3,1,57581.023,2406.35105,81,0,0,1,0,0,0,1,1,1,0,0,2.5,23032.409,0,15
"17068",9,8,1,0,1,0,0,38153,2786.7267,81,0,0,0,0,0,0,0,1,0,0,0,2.1,18168.096,0,15
"18130",9,8,1,5,1,1,3,17600,876.28446,81,0,0,0,1,1,0,0,1,0,0,1,1.5,11733.333,0,15
"17997",9,8,2,3,1,2,1,30351.236,1696.94017,82,0,1,0,0,0,1,0,1,1,0,0,2,15175.618,0,16
"18735",9,17,2,3,1,2,1,23140,1761.31009,172,0,1,0,0,0,1,0,1,1,0,0,1.8,12855.556,0,34
"18670",9,17,2,4,1,1,3,12640,3561.46244,172,0,0,1,0,1,0,0,1,0,0,1,1.5,8426.667,0,34
"16414",9,8,1,5,1,1,3,13400,998.43382,81,0,0,0,1,1,0,0,1,0,0,1,1.5,8933.333,0,15
"17483",9,8,2,3,1,1,2,15579.658,1471.11483,82,0,1,0,0,1,0,0,1,0,1,0,1.5,10386.439,0,16
"17535",9,8,1,0,1,0,0,27760,1206.95204,81,0,0,0,0,0,0,0,1,0,0,0,2.1,13219.048,0,15
"16908",9,8,2,4,1,2,3,15712,3190.51107,82,0,0,1,0,0,1,0,1,0,0,1,1.5,10474.667,0,16
"17553",9,8,2,4,1,3,1,12200,672.14546,82,0,0,1,0,0,0,1,1,1,0,0,1,12200,0,16
"18068",9,8,1,3,1,3,1,36387.926,2192.21285,81,0,1,0,0,0,0,1,1,1,0,0,1.5,24258.617,0,15
"17269",9,8,1,4,1,3,1,18936.69,2924.23739,81,0,0,1,0,0,0,1,1,1,0,0,1.5,12624.46,0,15
"18812",9,17,2,4,1,2,1,24896,748.64722,172,0,0,1,0,0,1,0,1,1,0,0,1.5,16597.333,0,34
"17900",9,8,1,2,1,2,3,20933.049,1122.02817,81,1,0,0,0,0,1,0,1,0,0,1,2.8,7476.089,0,15
"17510",9,8,1,0,1,0,0,6508,1404.05285,81,0,0,0,0,0,0,0,1,0,0,0,2.4,2711.667,1,15
"16875",9,8,1,0,1,0,0,68000,1575.13987,81,0,0,0,0,0,0,0,1,0,0,0,1.8,37777.779,0,15
"16634",9,8,1,3,1,1,3,37703.51,916.70221,81,0,1,0,0,1,0,0,1,0,0,1,2.6,14501.351,0,15
"15886",9,8,2,4,1,1,3,36601.06,1065.66402,82,0,0,1,0,1,0,0,1,0,0,1,2.3,15913.505,0,16
"18000",9,8,2,3,0,3,3,22340,1631.85276,82,0,1,0,0,0,0,1,0,0,0,1,2.8,7978.572,0,16
"16016",9,8,2,0,1,0,0,36585,1722.87184,82,0,0,0,0,0,0,0,1,0,0,0,2.1,17421.429,0,16
"19171",9,43,1,5,1,2,3,17551.903,2019.59499,431,0,0,0,1,0,1,0,1,0,0,1,1.5,11701.269,0,85
"17763",9,8,2,5,1,1,3,14704,1784.68135,82,0,0,0,1,1,0,0,1,0,0,1,1.5,9802.667,0,16
"18690",9,17,2,4,1,2,1,29100,1798.94637,172,0,0,1,0,0,1,0,1,1,0,0,2.5,11640,0,34
"17339",9,8,2,3,1,2,2,33920,1776.51329,82,0,1,0,0,0,1,0,1,0,1,0,2.5,13568,0,16
"17147",9,8,2,5,1,1,3,42740,2636.56407,82,0,0,0,1,1,0,0,1,0,0,1,3,14246.667,0,16
"17836",9,8,1,2,1,2,1,41282.582,1655.87476,81,1,0,0,0,0,1,0,1,1,0,0,2.8,14743.78,0,15
"18877",9,25,2,3,1,1,1,29326,1534.41989,252,0,1,0,0,1,0,0,1,1,0,0,2.3,12750.435,0,50
"15900",9,8,2,3,1,3,1,47027.212,2100.28462,82,0,1,0,0,0,0,1,1,1,0,0,2.1,22393.911,0,16
"17860",9,8,1,3,1,1,1,3964.637,1198.73244,81,0,1,0,0,1,0,0,1,1,0,0,1.8,2202.576,1,15
"18584",9,17,1,5,1,2,3,4839,1543.17804,171,0,0,0,1,0,1,0,1,0,0,1,2,2419.5,1,33
"16647",9,8,1,3,1,2,1,31721.934,684.40884,81,0,1,0,0,0,1,0,1,1,0,0,1.5,21147.956,0,15
"16038",9,8,2,3,1,3,1,39363.066,2264.26685,82,0,1,0,0,0,0,1,1,1,0,0,2,19681.533,0,16
"18295",9,8,2,3,0,2,1,27349.598,2226.46453,82,0,1,0,0,0,1,0,0,1,0,0,2.5,10939.839,0,16
"18558",9,17,2,0,1,0,0,46500,1449.61203,172,0,0,0,0,0,0,0,1,0,0,0,2.3,20217.392,0,34
"16429",9,8,1,5,1,3,3,53674,1884.24341,81,0,0,0,1,0,0,1,1,0,0,1,2,26837,0,15
"15893",9,8,1,3,1,2,1,33255,3365.0483,81,0,1,0,0,0,1,0,1,1,0,0,1.8,18475,0,15
"16264",9,8,1,3,0,2,1,31528,2237.52782,81,0,1,0,0,0,1,0,0,1,0,0,2.5,12611.2,0,15
"15986",9,8,1,2,1,2,1,19700,2134.07372,81,1,0,0,0,0,1,0,1,1,0,0,1.5,13133.333,0,15
"19070",9,25,2,3,1,2,1,8940,1151.51057,252,0,1,0,0,0,1,0,1,1,0,0,1,8940,0,50
"16656",9,8,2,4,1,2,1,24520,3293.86641,82,0,0,1,0,0,1,0,1,1,0,0,2,12260,0,16
"18956",9,25,2,3,1,1,1,19981.106,1626.03166,252,0,1,0,0,1,0,0,1,1,0,0,2.5,7992.442,0,50
"18983",9,25,2,5,1,1,3,8400,1609.37899,252,0,0,0,1,1,0,0,1,0,0,1,1,8400,0,50
"17626",9,8,1,1,1,0,0,34938,748.84033,81,0,0,0,0,0,0,0,1,0,0,0,1.8,19410.001,0,15
"18718",9,17,1,2,1,2,1,43520,4447.5598,171,1,0,0,0,0,1,0,1,1,0,0,3,14506.667,0,33
"17519",9,8,1,3,1,2,2,17960,2263.90419,81,0,1,0,0,0,1,0,1,0,1,0,1.8,9977.778,0,15
"18339",9,8,1,0,0,0,0,17600,733.67616,81,0,0,0,0,0,0,0,0,0,0,0,2.7,6518.518,1,15
"16672",9,8,1,5,1,1,3,11690,1143.09793,81,0,0,0,1,1,0,0,1,0,0,1,1.5,7793.333,0,15
"17497",9,8,1,3,0,3,3,18508.837,5794.45516,81,0,1,0,0,0,0,1,0,0,0,1,2,9254.418,0,15
"18111",9,8,1,3,0,3,1,37652.901,726.93866,81,0,1,0,0,0,0,1,0,1,0,0,2.1,17929.954,0,15
"18278",9,8,2,3,1,2,1,31900,3360.00351,82,0,1,0,0,0,1,0,1,1,0,0,2,15950,0,16
"16343",9,8,1,2,1,2,3,54412.157,1751.50631,81,1,0,0,0,0,1,0,1,0,0,1,2.5,21764.863,0,15
"17453",9,8,2,3,1,2,1,21381,2685.02727,82,0,1,0,0,0,1,0,1,1,0,0,2.1,10181.429,0,16
"16048",9,8,1,3,1,2,2,2405,2375.89197,81,0,1,0,0,0,1,0,1,0,1,0,1,2405,1,15
"16198",9,8,2,4,1,2,1,21200,3088.96776,82,0,0,1,0,0,1,0,1,1,0,0,1.5,14133.333,0,16
"16153",9,8,2,3,1,2,1,25584,1903.30289,82,0,1,0,0,0,1,0,1,1,0,0,2,12792,0,16
"17210",9,8,1,3,1,3,1,29950,5013.80746,81,0,1,0,0,0,0,1,1,1,0,0,1.5,19966.667,0,15
"15790",9,8,1,3,1,3,1,45728.098,2261.96049,81,0,1,0,0,0,0,1,1,1,0,0,3,15242.699,0,15
"18893",9,25,2,5,1,2,3,12658,1306.00633,252,0,0,0,1,0,1,0,1,0,0,1,1.5,8438.667,0,50
"20419",10,3,1,4,1,1,1,49940,1724.05685,31,0,0,1,0,1,0,0,1,1,0,0,3,16646.667,0,5
"20479",10,12,1,4,1,2,3,14000,1526.54064,121,0,0,1,0,0,1,0,1,0,0,1,2.5,5600,1,23
"20333",10,3,1,2,1,2,2,20200,1244.7022,31,1,0,0,0,0,1,0,1,0,1,0,2.5,8080,0,5
"21786",10,46,1,3,1,2,1,23891.347,845.26666,461,0,1,0,0,0,1,0,1,1,0,0,3,7963.782,0,91
"19612",10,3,2,1,1,0,0,15880,1685.90822,32,0,0,0,0,0,0,0,1,0,0,0,2.3,6904.348,0,6
"19744",10,3,1,4,1,1,1,13978.497,1447.56101,31,0,0,1,0,1,0,0,1,1,0,0,3,4659.499,1,5
"20556",10,12,2,0,1,0,0,21750,1233.08801,122,0,0,0,0,0,0,0,1,0,0,0,2.1,10357.143,0,24
"20812",10,46,2,0,1,0,0,27990,2105.26312,462,0,0,0,0,0,0,0,1,0,0,0,2.1,13328.572,0,92
"21083",10,46,2,3,1,2,1,16150,5093.22806,462,0,1,0,0,0,1,0,1,1,0,0,1.5,10766.667,0,92
"21665",10,46,1,0,1,0,0,25270.259,1575.38478,461,0,0,0,0,0,0,0,1,0,0,0,2.1,12033.457,0,91
"19679",10,3,1,3,1,2,1,34770,1603.66253,31,0,1,0,0,0,1,0,1,1,0,0,2.1,16557.144,0,5
"21903",10,46,2,3,1,1,1,36078.507,303.01055,462,0,1,0,0,1,0,0,1,1,0,0,3.8,9494.344,0,92
"19632",10,3,2,3,1,2,3,25290,567.49989,32,0,1,0,0,0,1,0,1,0,0,1,1.3,19453.847,0,6
"19685",10,3,1,3,0,2,1,23970,955.19758,31,0,1,0,0,0,1,0,0,1,0,0,1,23970,0,5
"21791",10,46,2,3,1,2,1,30300,2422.9169,462,0,1,0,0,0,1,0,1,1,0,0,1.5,20200,0,92
"19479",10,3,2,3,1,3,3,29200,1347.37357,32,0,1,0,0,0,0,1,1,0,0,1,2.4,12166.666,0,6
"21379",10,46,1,3,1,2,1,9040.655,1536.97653,461,0,1,0,0,0,1,0,1,1,0,0,2.1,4305.074,1,91
"20711",10,46,1,4,1,3,1,61464.366,2891.99654,461,0,0,1,0,0,0,1,1,1,0,0,1.5,40976.244,0,91
"20541",10,12,2,3,1,3,1,33260,796.33948,122,0,1,0,0,0,0,1,1,1,0,0,1.8,18477.778,0,24
"19591",10,3,2,2,1,3,3,37972,1276.68772,32,1,0,0,0,0,0,1,1,0,0,1,2.5,15188.8,0,6
"21284",10,46,1,3,1,3,1,4090.267,1366.50487,461,0,1,0,0,0,0,1,1,1,0,0,2.8,1460.81,1,91
"21215",10,46,2,0,1,0,0,23880,1541.10693,462,0,0,0,0,0,0,0,1,0,0,0,2.1,11371.429,0,92
"19520",10,3,1,5,1,1,3,12036,3655.7377,31,0,0,0,1,1,0,0,1,0,0,1,1.5,8024,0,5
"21772",10,46,2,3,1,2,1,8244,811.90479,462,0,1,0,0,0,1,0,1,1,0,0,1.8,4580,1,92
"21410",10,46,2,2,1,2,1,29248,2622.76576,462,1,0,0,0,0,1,0,1,1,0,0,1.5,19498.667,0,92
"19496",10,3,2,4,0,1,3,25500,2353.78495,32,0,0,1,0,1,0,0,0,0,0,1,2.3,11086.957,0,6
"19418",10,3,2,3,1,2,1,44607,1950.80497,32,0,1,0,0,0,1,0,1,1,0,0,2.3,19394.348,0,6
"19542",10,3,1,3,1,3,1,45092.909,2688.11208,31,0,1,0,0,0,0,1,1,1,0,0,1.8,25051.617,0,5
"20219",10,3,1,5,1,1,3,9000,1459.24461,31,0,0,0,1,1,0,0,1,0,0,1,1.5,6000,1,5
"21712",10,46,1,3,0,3,1,19900,2002.84907,461,0,1,0,0,0,0,1,0,1,0,0,2,9950,0,91
"21723",10,46,1,0,1,0,0,12800,1022.06242,461,0,0,0,0,0,0,0,1,0,0,0,1.8,7111.111,0,91
"20401",10,3,1,2,1,2,1,51200,442.48546,31,1,0,0,0,0,1,0,1,1,0,0,4,12800,0,5
"20184",10,3,1,5,1,1,3,7200,903.0762,31,0,0,0,1,1,0,0,1,0,0,1,1.5,4800,1,5
"20503",10,12,2,3,1,2,1,25145.635,1463.75472,122,0,1,0,0,0,1,0,1,1,0,0,1.8,13969.798,0,24
"21274",10,46,1,3,1,1,1,23100,1099.3531,461,0,1,0,0,1,0,0,1,1,0,0,2.1,11000,0,91
"21055",10,46,2,4,1,2,3,16068,1280.7448,462,0,0,1,0,0,1,0,1,0,0,1,2,8034,0,92
"20502",10,12,1,3,1,0,0,25145.635,1463.75472,121,0,1,0,0,0,0,0,1,0,0,0,1.8,13969.798,0,23
"20555",10,12,2,3,1,2,1,21750,1233.08801,122,0,1,0,0,0,1,0,1,1,0,0,2.1,10357.143,0,24
"20357",10,3,1,5,1,1,3,24140,1781.17587,31,0,0,0,1,1,0,0,1,0,0,1,2.5,9656,0,5
"19831",10,3,2,3,1,2,3,46300,2711.8739,32,0,1,0,0,0,1,0,1,0,0,1,2.5,18520,0,6
"20267",10,3,2,4,1,1,3,17598,2049.59117,32,0,0,1,0,1,0,0,1,0,0,1,2,8799,0,6
"21938",10,46,1,2,1,2,3,36160,694.77706,461,1,0,0,0,0,1,0,1,0,0,1,3,12053.333,0,91
"20569",10,12,1,3,1,0,0,37259.644,2507.68295,121,0,1,0,0,0,0,0,1,0,0,0,3,12419.881,0,23
"21885",10,46,2,2,0,2,1,9600,998.34187,462,1,0,0,0,0,1,0,0,1,0,0,1.5,6400,1,92
"19938",10,3,1,5,1,1,3,14798,2456.96308,31,0,0,0,1,1,0,0,1,0,0,1,1.5,9865.333,0,5
"22031",10,46,2,5,1,1,3,11620,943.77697,462,0,0,0,1,1,0,0,1,0,0,1,1.5,7746.667,0,92
"21606",10,46,2,3,1,3,1,35825,1508.16037,462,0,1,0,0,0,0,1,1,1,0,0,1.5,23883.333,0,92
"21370",10,46,1,3,1,2,1,37736.138,462.23394,461,0,1,0,0,0,1,0,1,1,0,0,3,12578.713,0,91
"21761",10,46,2,3,1,3,1,17650,1056.49242,462,0,1,0,0,0,0,1,1,1,0,0,2.3,7673.913,0,92
"20564",10,12,2,0,1,0,0,27015.793,1757.8031,122,0,0,0,0,0,0,0,1,0,0,0,1.8,15008.774,0,24
"21727",10,46,2,3,1,2,1,25596.088,1646.27853,462,0,1,0,0,0,1,0,1,1,0,0,1.5,17064.059,0,92
"20285",10,3,1,3,1,1,1,32525,2594.34606,31,0,1,0,0,1,0,0,1,1,0,0,1.5,21683.333,0,5
"19916",10,3,2,0,1,0,0,20427.105,1173.14118,32,0,0,0,0,0,0,0,1,0,0,0,2.3,8881.35,0,6
"19992",10,3,2,0,1,0,0,44160,2256.66252,32,0,0,0,0,0,0,0,1,0,0,0,2.1,21028.572,0,6
"20322",10,3,1,0,1,0,0,22130,506.68465,31,0,0,0,0,0,0,0,1,0,0,0,2.6,8511.539,0,5
"21112",10,46,2,3,1,1,1,12336,2533.14613,462,0,1,0,0,1,0,0,1,1,0,0,3,4112,1,92
"20099",10,3,1,4,1,2,1,22041.518,801.44053,31,0,0,1,0,0,1,0,1,1,0,0,2.8,7871.971,0,5
"20118",10,3,1,0,1,0,0,34699,2259.01576,31,0,0,0,0,0,0,0,1,0,0,0,1.8,19277.223,0,5
"20280",10,3,2,3,1,3,1,45200,1506.45163,32,0,1,0,0,0,0,1,1,1,0,0,1.8,25111.112,0,6
"20359",10,3,1,3,1,2,1,17700,953.24595,31,0,1,0,0,0,1,0,1,1,0,0,2.8,6321.429,1,5
"20586",10,12,1,3,1,2,1,14446.028,3644.98929,121,0,1,0,0,0,1,0,1,1,0,0,1,14446.028,0,23
"20748",10,46,2,3,1,2,1,59000,1500.99186,462,0,1,0,0,0,1,0,1,1,0,0,2.3,25652.174,0,92
"20784",10,46,1,4,1,2,3,37956.234,5819.21545,461,0,0,1,0,0,1,0,1,0,0,1,2,18978.117,0,91
"19905",10,3,2,2,1,2,3,26070,1614.70646,32,1,0,0,0,0,1,0,1,0,0,1,2.3,11334.783,0,6
"19368",10,3,2,5,1,1,3,6624,2695.26156,32,0,0,0,1,1,0,0,1,0,0,1,1,6624,0,6
"21424",10,46,2,0,1,0,0,22732,1735.05508,462,0,0,0,0,0,0,0,1,0,0,0,2.1,10824.762,0,92
"21561",10,46,1,4,0,1,3,16800,1368.261,461,0,0,1,0,1,0,0,0,0,0,1,1.5,11200,0,91
"21955",10,46,1,2,1,2,3,30589.844,571.17269,461,1,0,0,0,0,1,0,1,0,0,1,3,10196.615,0,91
"21115",10,46,2,1,1,0,0,12336,2533.14613,462,0,0,0,0,0,0,0,1,0,0,0,3,4112,1,92
"22906",11,6,2,4,1,1,3,0,103.93735,62,0,0,1,0,1,0,0,1,0,0,1,1.5,0,1,12
"22138",11,6,1,5,1,3,3,28600.139,1721.88638,61,0,0,0,1,0,0,1,1,0,0,1,1.5,19066.759,0,11
"23330",11,10,1,3,1,3,1,82450,644.05613,101,0,1,0,0,0,0,1,1,1,0,0,3,27483.333,0,19
"23093",11,6,2,4,1,1,2,23733,305.02649,62,0,0,1,0,1,0,0,1,0,1,0,2.5,9493.2,0,12
"22217",11,6,2,5,1,1,3,21867.701,1243.75439,62,0,0,0,1,1,0,0,1,0,0,1,1.5,14578.467,0,12
"22105",11,6,2,0,1,0,0,10385.822,645.99673,62,0,0,0,0,0,0,0,1,0,0,0,2.1,4945.63,1,12
"22327",11,6,1,0,1,0,0,17790,730.97548,61,0,0,0,0,0,0,0,1,0,0,0,2.8,6353.572,1,11
"22495",11,6,2,0,1,0,0,22660,533.28083,62,0,0,0,0,0,0,0,1,0,0,0,3.1,7309.678,0,12
"22725",11,6,1,4,1,1,1,11400,728.86108,61,0,0,1,0,1,0,0,1,1,0,0,2.5,4560,1,11
"22416",11,6,2,2,1,2,3,6385,692.57033,62,1,0,0,0,0,1,0,1,0,0,1,2.5,2554,1,12
"23539",11,10,1,2,1,2,3,42963,555.97563,101,1,0,0,0,0,1,0,1,0,0,1,2.5,17185.2,0,19
"22322",11,6,1,2,1,3,1,7151,80.83824,61,1,0,0,0,0,0,1,1,1,0,0,1.5,4767.333,1,11
"22255",11,6,1,3,1,2,1,9833.525,438.99736,61,0,1,0,0,0,1,0,1,1,0,0,2.1,4682.631,1,11
"22553",11,6,1,1,1,0,0,26484,778.41478,61,0,0,0,0,0,0,0,1,0,0,0,2.3,11514.783,0,11
"22930",11,6,1,3,1,2,3,14200,898.03069,61,0,1,0,0,0,1,0,1,0,0,1,1.5,9466.667,0,11
"22591",11,6,2,2,1,2,2,12804,1084.86924,62,1,0,0,0,0,1,0,1,0,1,0,2,6402,1,12
"22854",11,6,1,0,1,0,0,16760,676.01268,61,0,0,0,0,0,0,0,1,0,0,0,2.1,7980.953,0,11
"23503",11,10,1,4,1,1,3,7310,211.91197,101,0,0,1,0,1,0,0,1,0,0,1,1.5,4873.333,1,19
"22601",11,6,2,5,1,1,3,16103.959,1033.03778,62,0,0,0,1,1,0,0,1,0,0,1,1.5,10735.973,0,12
"22718",11,6,2,0,1,0,0,3900,642.5734,62,0,0,0,0,0,0,0,1,0,0,0,2.1,1857.143,1,12
"23163",11,10,1,3,1,1,1,15480,628.33039,101,0,1,0,0,1,0,0,1,1,0,0,2.1,7371.429,0,19
"23506",11,10,2,5,1,2,3,10950,225.05074,102,0,0,0,1,0,1,0,1,0,0,1,1.8,6083.333,1,20
"22988",11,6,1,2,1,2,3,2120.437,134.5568,61,1,0,0,0,0,1,0,1,0,0,1,1.5,1413.625,1,11
"22185",11,6,1,0,1,0,0,67158,487.0563,61,0,0,0,0,0,0,0,1,0,0,0,2.8,23985,0,11
"23016",11,6,1,2,1,2,1,25084,498.4064,61,1,0,0,0,0,1,0,1,1,0,0,2.5,10033.6,0,11
"22994",11,6,1,2,1,2,1,18190,653.52185,61,1,0,0,0,0,1,0,1,1,0,0,3.1,5867.742,1,11
"22282",11,6,2,3,1,1,3,21240,190.30819,62,0,1,0,0,1,0,0,1,0,0,1,2.5,8496,0,12
"22821",11,6,2,3,1,2,1,6349.274,671.02851,62,0,1,0,0,0,1,0,1,1,0,0,1,6349.274,1,12
"22603",11,6,2,4,1,1,3,15680,419.15722,62,0,0,1,0,1,0,0,1,0,0,1,1,15680,0,12
"22124",11,6,1,5,1,1,3,20460,631.62768,61,0,0,0,1,1,0,0,1,0,0,1,3,6820,0,11
"22715",11,6,1,2,1,2,3,32336,435.27724,61,1,0,0,0,0,1,0,1,0,0,1,2.5,12934.4,0,11
"23471",11,10,1,5,1,1,3,8010,459.66323,101,0,0,0,1,1,0,0,1,0,0,1,1.5,5340,1,19
"22686",11,6,1,4,1,1,1,11040,784.11224,61,0,0,1,0,1,0,0,1,1,0,0,1.5,7360,0,11
"23280",11,10,1,2,1,2,1,32168,523.67531,101,1,0,0,0,0,1,0,1,1,0,0,2.5,12867.2,0,19
"23204",11,10,2,5,1,1,3,17386,362.24866,102,0,0,0,1,1,0,0,1,0,0,1,1.5,11590.667,0,20
"23321",11,10,2,3,1,1,2,10370,666.45997,102,0,1,0,0,1,0,0,1,0,1,0,1.3,7976.923,0,20
"22900",11,6,1,4,1,1,3,9936,145.12726,61,0,0,1,0,1,0,0,1,0,0,1,1.5,6624,0,11
"22242",11,6,2,5,1,1,3,7015,1102.55235,62,0,0,0,1,1,0,0,1,0,0,1,1.5,4676.667,1,12
"23220",11,10,1,3,1,2,1,51137.373,488.83873,101,0,1,0,0,0,1,0,1,1,0,0,3,17045.791,0,19
"25673",12,36,2,4,1,1,3,46820,2555.07949,362,0,0,1,0,1,0,0,1,0,0,1,2,23410,0,72
"25603",12,36,1,4,1,1,3,11400,1634.90455,361,0,0,1,0,1,0,0,1,0,0,1,1.5,7600,0,71
"25339",12,36,1,3,1,2,1,15786,1166.36558,361,0,1,0,0,0,1,0,1,1,0,0,2.3,6863.478,0,71
"23813",12,15,2,3,1,2,3,33120,620.44718,152,0,1,0,0,0,1,0,1,0,0,1,3.6,9200,0,30
"24128",12,15,1,3,0,2,1,25002,894.35201,151,0,1,0,0,0,1,0,0,1,0,0,2.1,11905.715,0,29
"25680",12,36,2,0,1,0,0,16160,1571.65946,362,0,0,0,0,0,0,0,1,0,0,0,1.3,12430.77,0,72
"24114",12,15,1,5,1,2,3,16659.001,619.58155,151,0,0,0,1,0,1,0,1,0,0,1,1.5,11106.001,0,29
"24125",12,15,2,5,1,1,3,5028,1687.08877,152,0,0,0,1,1,0,0,1,0,0,1,1,5028,1,30
"25361",12,36,1,2,1,2,3,19628,1044.37508,361,1,0,0,0,0,1,0,1,0,0,1,2.5,7851.2,0,71
"24992",12,27,1,3,1,2,1,6979.514,1300.88237,271,0,1,0,0,0,1,0,1,1,0,0,1,6979.514,0,53
"25166",12,32,1,3,1,2,1,17880,816.38053,321,0,1,0,0,0,1,0,1,1,0,0,2,8940,0,63
"26056",12,36,2,4,1,2,1,30340.157,1572.44005,362,0,0,1,0,0,1,0,1,1,0,0,2.5,12136.063,0,72
"24204",12,15,2,3,1,2,1,32531.408,1014.53328,152,0,1,0,0,0,1,0,1,1,0,0,2,16265.704,0,30
"25063",12,32,2,4,0,1,3,7040,417.05698,322,0,0,1,0,1,0,0,0,0,0,1,1.5,4693.333,1,64
"24120",12,15,1,3,1,2,1,38803,949.35958,151,0,1,0,0,0,1,0,1,1,0,0,2.3,16870.87,0,29
"23750",12,15,1,4,1,2,3,53978.455,596.35187,151,0,0,1,0,0,1,0,1,0,0,1,3.3,16357.108,0,29
"24752",12,27,2,5,1,1,3,20202,633.6862,272,0,0,0,1,1,0,0,1,0,0,1,1.5,13468,0,54
"24391",12,15,1,5,1,1,3,42512.36,849.85575,151,0,0,0,1,1,0,0,1,0,0,1,3.5,12146.389,0,29
"24740",12,27,2,3,1,2,1,22551,877.2074,272,0,1,0,0,0,1,0,1,1,0,0,2.3,9804.783,0,54
"25373",12,36,2,2,1,2,3,25340,1266.25263,362,1,0,0,0,0,1,0,1,0,0,1,2.5,10136,0,72
"25516",12,36,2,4,1,1,1,18504.897,681.07886,362,0,0,1,0,1,0,0,1,1,0,0,1.5,12336.598,0,72
"24353",12,15,2,3,1,3,1,0,356.6975,152,0,1,0,0,0,0,1,1,1,0,0,2,0,1,30
"23884",12,15,2,4,1,1,1,80555.299,432.83872,152,0,0,1,0,1,0,0,1,1,0,0,2.5,32222.12,0,30
"23678",12,15,2,4,1,1,1,18464,484.22977,152,0,0,1,0,1,0,0,1,1,0,0,1.5,12309.333,0,30
"25777",12,36,1,2,1,2,3,27132,996.35439,361,1,0,0,0,0,1,0,1,0,0,1,2,13566,0,71
"24524",12,15,2,5,1,1,3,21400,760.84464,152,0,0,0,1,1,0,0,1,0,0,1,1.5,14266.667,0,30
"24400",12,15,2,4,1,1,3,48534.753,952.08552,152,0,0,1,0,1,0,0,1,0,0,1,3,16178.251,0,30
"25593",12,36,1,3,1,3,2,62142.959,464.56856,361,0,1,0,0,0,0,1,1,0,1,0,2.4,25892.899,0,71
"25074",12,32,2,0,1,0,0,32680,1353.52306,322,0,0,0,0,0,0,0,1,0,0,0,2.8,11671.429,0,64
"24238",12,15,1,5,1,1,3,6658,901.01693,151,0,0,0,1,1,0,0,1,0,0,1,1,6658,0,29
"24317",12,15,2,5,1,1,3,8400,1269.06121,152,0,0,0,1,1,0,0,1,0,0,1,1,8400,0,30
"25572",12,36,2,0,1,0,0,30147.821,431.02753,362,0,0,0,0,0,0,0,1,0,0,0,2.8,10767.079,0,72
"24303",12,15,1,0,1,0,0,20405.913,1277.31473,151,0,0,0,0,0,0,0,1,0,0,0,3.3,6183.61,1,29
"25794",12,36,2,3,1,1,3,15900,1103.15631,362,0,1,0,0,1,0,0,1,0,0,1,1.8,8833.334,0,72
"25976",12,36,1,4,1,1,1,43873.438,415.61493,361,0,0,1,0,1,0,0,1,1,0,0,4.3,10203.125,0,71
"23977",12,15,2,3,1,2,1,15164.479,1417.16082,152,0,1,0,0,0,1,0,1,1,0,0,2,7582.239,0,30
"25100",12,32,2,5,1,1,3,27970,665.74273,322,0,0,0,1,1,0,0,1,0,0,1,3.6,7769.445,0,64
"23662",12,15,1,2,1,2,2,15997.68,1167.43748,151,1,0,0,0,0,1,0,1,0,1,0,2.5,6399.072,1,29
"25190",12,32,1,4,1,1,3,12047.326,501.45705,321,0,0,1,0,1,0,0,1,0,0,1,2,6023.663,1,63
"24927",12,27,1,3,1,2,1,16288.397,1519.56528,271,0,1,0,0,0,1,0,1,1,0,0,2.5,6515.359,1,53
"25634",12,36,1,3,1,1,1,25262,1142.28745,361,0,1,0,0,1,0,0,1,1,0,0,2.6,9716.154,0,71
"25979",12,36,2,3,1,1,1,43873.438,415.61493,362,0,1,0,0,1,0,0,1,1,0,0,4.3,10203.125,0,72
"25301",12,36,1,4,1,3,1,53860,322.4441,361,0,0,1,0,0,0,1,1,1,0,0,2.6,20715.385,0,71
"25013",12,32,2,5,1,1,3,8999.407,905.26201,322,0,0,0,1,1,0,0,1,0,0,1,1.5,5999.605,1,64
"24253",12,15,2,2,1,1,2,22618,726.38057,152,1,0,0,0,1,0,0,1,0,1,0,2.5,9047.2,0,30
"24488",12,15,2,3,1,2,1,22464,578.46885,152,0,1,0,0,0,1,0,1,1,0,0,1.5,14976,0,30
"24457",12,15,1,3,1,2,1,33736.38,981.21915,151,0,1,0,0,0,1,0,1,1,0,0,3,11245.46,0,29
"24275",12,15,1,2,1,2,1,24534.149,897.25116,151,1,0,0,0,0,1,0,1,1,0,0,3,8178.05,0,29
"25991",12,36,1,4,1,2,1,21347.386,1258.54828,361,0,0,1,0,0,1,0,1,1,0,0,2.5,8538.954,0,71
"23847",12,15,1,5,1,1,3,34150,977.59224,151,0,0,0,1,1,0,0,1,0,0,1,1.5,22766.667,0,29
"25934",12,36,2,2,1,2,3,33530.903,331.39398,362,1,0,0,0,0,1,0,1,0,0,1,3.8,8823.922,0,72
"24821",12,27,2,5,1,1,3,14884,741.78265,272,0,0,0,1,1,0,0,1,0,0,1,1.5,9922.667,0,54
"24346",12,15,1,0,1,0,0,34132.895,639.40794,151,0,0,0,0,0,0,0,1,0,0,0,2.1,16253.76,0,29
"25213",12,32,2,5,1,1,3,21830,834.45035,322,0,0,0,1,1,0,0,1,0,0,1,2.5,8732,0,64
"23738",12,15,2,5,1,3,3,18268.796,1116.35536,152,0,0,0,1,0,0,1,1,0,0,1,1.5,12179.197,0,30
"26107",12,36,1,3,1,2,3,31500,747.07096,361,0,1,0,0,0,1,0,1,0,0,1,3.1,10161.291,0,71
"25178",12,32,1,5,1,1,3,15960,950.47928,321,0,0,0,1,1,0,0,1,0,0,1,2.5,6384,1,63
"24102",12,15,1,5,1,1,3,10374.35,786.78158,151,0,0,0,1,1,0,0,1,0,0,1,1.5,6916.233,0,29
"24289",12,15,2,3,1,2,3,4602.621,803.64185,152,0,1,0,0,0,1,0,1,0,0,1,2.3,2001.14,1,30
"24447",12,15,1,5,1,1,3,21069.75,1000.71792,151,0,0,0,1,1,0,0,1,0,0,1,2,10534.875,0,29
"25418",12,36,2,2,1,2,1,10197.42,1204.41721,362,1,0,0,0,0,1,0,1,1,0,0,2.3,4433.661,1,72
"24693",12,27,1,2,1,0,0,42593.684,1505.89311,271,1,0,0,0,0,0,0,1,0,0,0,2.5,17037.474,0,53
"26535",13,28,1,0,1,0,0,19812,4104.61467,281,0,0,0,0,0,0,0,1,0,0,0,1.3,15240.001,0,55
"26540",13,28,1,0,1,0,0,54731.358,2676.56795,281,0,0,0,0,0,0,0,1,0,0,0,2.7,20270.873,0,55
"28000",13,28,2,2,1,3,3,50600,2105.94249,282,1,0,0,0,0,0,1,1,0,0,1,3,16866.667,0,56
"27021",13,28,1,0,1,0,0,17190,2086.3194,281,0,0,0,0,0,0,0,1,0,0,0,2.3,7473.913,0,55
"27981",13,28,2,3,1,1,1,28639.089,1914.50887,282,0,1,0,0,1,0,0,1,1,0,0,2.5,11455.636,0,56
"26284",13,28,2,2,1,2,1,24400,5476.59763,282,1,0,0,0,0,1,0,1,1,0,0,2.5,9760,0,56
"26592",13,28,1,3,1,3,1,33421,3458.89571,281,0,1,0,0,0,0,1,1,1,0,0,2.1,15914.763,0,55
"27180",13,28,2,3,1,2,3,14700,3700.90078,282,0,1,0,0,0,1,0,1,0,0,1,2,7350,0,56
"27624",13,28,2,1,1,0,0,43937.754,2980.9139,282,0,0,0,0,0,0,0,1,0,0,0,3,14645.918,0,56
"27326",13,28,2,4,1,3,1,40451.235,1474.59619,282,0,0,1,0,0,0,1,1,1,0,0,1.8,22472.909,0,56
"27253",13,28,1,3,1,3,1,50900,6428.52622,281,0,1,0,0,0,0,1,1,1,0,0,1.5,33933.333,0,55
"27262",13,28,1,3,1,2,3,14462,4391.87417,281,0,1,0,0,0,1,0,1,0,0,1,2,7231,0,55
"26200",13,28,1,3,1,2,1,12990,5596.81292,281,0,1,0,0,0,1,0,1,1,0,0,1.8,7216.667,0,55
"27069",13,28,2,3,1,1,3,20200,1656.2901,282,0,1,0,0,1,0,0,1,0,0,1,2.3,8782.609,0,56
"26574",13,28,2,4,1,2,1,29187,3304.15624,282,0,0,1,0,0,1,0,1,1,0,0,1.5,19458,0,56
"26855",13,28,2,2,1,2,2,19834,3334.27053,282,1,0,0,0,0,1,0,1,0,1,0,2.5,7933.6,0,56
"26580",13,28,2,4,1,1,3,62465.598,4497.61708,282,0,0,1,0,1,0,0,1,0,0,1,2.5,24986.239,0,56
"27553",13,28,2,2,1,2,3,31305.588,2228.63847,282,1,0,0,0,0,1,0,1,0,0,1,2.5,12522.235,0,56
"27709",13,28,2,3,1,2,3,18341.623,1674.52865,282,0,1,0,0,0,1,0,1,0,0,1,2.1,8734.107,0,56
"26943",13,28,1,0,0,0,0,14630,3899.17578,281,0,0,0,0,0,0,0,0,0,0,0,1.8,8127.778,0,55
"26764",13,28,2,5,1,1,3,11382,2576.56098,282,0,0,0,1,1,0,0,1,0,0,1,1,11382,0,56
"27083",13,28,2,3,1,3,1,32180,14453.25574,282,0,1,0,0,0,0,1,1,1,0,0,1.8,17877.778,0,56
"27661",13,28,1,4,1,2,1,16888.614,603.24504,281,0,0,1,0,0,1,0,1,1,0,0,1.5,11259.076,0,55
"26435",13,28,2,0,1,0,0,36800,2064.62655,282,0,0,0,0,0,0,0,1,0,0,0,2.7,13629.629,0,56
"27026",13,28,1,2,1,2,3,38389,2265.72762,281,1,0,0,0,0,1,0,1,0,0,1,2.5,15355.6,0,55
"26992",13,28,2,4,1,2,1,31795,1046.33963,282,0,0,1,0,0,1,0,1,1,0,0,2,15897.5,0,56
"27752",13,28,2,0,1,0,0,11478.516,1841.27691,282,0,0,0,0,0,0,0,1,0,0,0,2.1,5465.96,1,56
"27476",13,28,2,3,1,0,0,47701.302,3173.46902,282,0,1,0,0,0,0,0,1,0,0,0,2.8,17036.18,0,56
"27852",13,28,1,0,1,0,0,30969.421,1895.00909,281,0,0,0,0,0,0,0,1,0,0,0,2.1,14747.344,0,55
"27641",13,28,2,5,1,1,3,19201,1682.07521,282,0,0,0,1,1,0,0,1,0,0,1,1,19201,0,56
"27780",13,28,2,3,1,3,1,33518.27,1806.63413,282,0,1,0,0,0,0,1,1,1,0,0,2.1,15961.082,0,56
"26448",13,28,1,3,1,2,1,28178.054,6233.93076,281,0,1,0,0,0,1,0,1,1,0,0,1.5,18785.369,0,55
"27413",13,28,2,4,1,3,3,11570.388,1445.60096,282,0,0,1,0,0,0,1,1,0,0,1,2,5785.194,1,56
"26741",13,28,1,5,1,1,3,9658,3449.64869,281,0,0,0,1,1,0,0,1,0,0,1,1.5,6438.667,1,55
"27407",13,28,1,0,1,0,0,40922.354,1608.78054,281,0,0,0,0,0,0,0,1,0,0,0,2.6,15739.368,0,55
"27563",13,28,1,4,1,3,1,104923.167,2225.20501,281,0,0,1,0,0,0,1,1,1,0,0,3,34974.389,0,55
"27930",13,28,2,3,0,2,3,1957.02,1835.7434,282,0,1,0,0,0,1,0,0,0,0,1,1,1957.02,1,56
"27206",13,28,2,4,1,3,3,22638,1088.46147,282,0,0,1,0,0,0,1,1,0,0,1,1.5,15092,0,56
"26818",13,28,2,2,1,3,1,53000,5198.95284,282,1,0,0,0,0,0,1,1,1,0,0,2.5,21200,0,56
"27460",13,28,2,3,1,1,1,50111.218,1840.31174,282,0,1,0,0,1,0,0,1,1,0,0,2.3,21787.487,0,56
"28029",13,28,2,3,1,2,1,19595.84,2684.69517,282,0,1,0,0,0,1,0,1,1,0,0,2.5,7838.336,0,56
"26634",13,28,2,0,1,0,0,21108,1093.89408,282,0,0,0,0,0,0,0,1,0,0,0,4.1,5148.293,1,56
"26725",13,28,2,3,1,2,1,23616,2742.53314,282,0,1,0,0,0,1,0,1,1,0,0,2.3,10267.826,0,56
"27254",13,28,2,3,1,3,1,50900,6428.52622,282,0,1,0,0,0,0,1,1,1,0,0,1.5,33933.333,0,56
"28025",13,28,2,2,1,2,3,43694.572,2274.96203,282,1,0,0,0,0,1,0,1,0,0,1,3.3,13240.78,0,56
"28013",13,28,1,3,1,3,1,77122.364,1982.8202,281,0,1,0,0,0,0,1,1,1,0,0,2,38561.182,0,55
"27908",13,28,1,3,1,2,1,16800,6383.55949,281,0,1,0,0,0,1,0,1,1,0,0,1.5,11200,0,55
"28401",14,30,2,3,1,1,3,21458,425.35977,302,0,1,0,0,1,0,0,1,0,0,1,2.8,7663.572,0,60
"29182",14,30,2,0,1,0,0,59931.05,377.86535,302,0,0,0,0,0,0,0,1,0,0,0,2.1,28538.597,0,60
"28681",14,30,2,0,0,0,0,5000,1123.53997,302,0,0,0,0,0,0,0,0,0,0,0,2.1,2380.952,1,60
"29803",14,30,1,3,1,1,1,34792,1126.96904,301,0,1,0,0,1,0,0,1,1,0,0,2.3,15126.957,0,59
"28141",14,30,2,3,1,1,3,0,780.58641,302,0,1,0,0,1,0,0,1,0,0,1,1.8,0,1,60
"29123",14,30,2,2,1,2,3,45700,495.1381,302,1,0,0,0,0,1,0,1,0,0,1,2.3,19869.566,0,60
"28804",14,30,2,3,1,3,1,51600,731.19524,302,0,1,0,0,0,0,1,1,1,0,0,2.1,24571.43,0,60
"29774",14,30,2,5,1,1,3,14000,323.55954,302,0,0,0,1,1,0,0,1,0,0,1,2,7000,0,60
"28518",14,30,2,5,1,1,1,53292,2524.86349,302,0,0,0,1,1,0,0,1,1,0,0,3,17764,0,60
"29850",14,30,1,3,1,2,1,23800,384.57971,301,0,1,0,0,0,1,0,1,1,0,0,1.8,13222.223,0,59
"28526",14,30,1,4,1,1,1,13839,461.72073,301,0,0,1,0,1,0,0,1,1,0,0,2,6919.5,0,59
"29569",14,30,2,1,1,0,0,11400,348.07196,302,0,0,0,0,0,0,0,1,0,0,0,3,3800,1,60
"28219",14,30,1,3,1,1,1,17414.286,885.93382,301,0,1,0,0,1,0,0,1,1,0,0,2.3,7571.429,0,59
"28958",14,30,1,3,1,1,1,5550.309,457.56456,301,0,1,0,0,1,0,0,1,1,0,0,2.4,2312.629,1,59
"29844",14,30,1,3,0,3,1,8264.935,1011.5675,301,0,1,0,0,0,0,1,0,1,0,0,2.5,3305.974,1,59
"29674",14,30,2,3,1,3,1,71996.129,703.47206,302,0,1,0,0,0,0,1,1,1,0,0,2.5,28798.452,0,60
"28175",14,30,1,3,1,1,3,9372,1540.22218,301,0,1,0,0,1,0,0,1,0,0,1,1.5,6248,1,59
"28492",14,30,2,3,1,2,3,22412,1932.13719,302,0,1,0,0,0,1,0,1,0,0,1,1.8,12451.111,0,60
"28902",14,30,1,3,1,2,1,31649.171,405.98902,301,0,1,0,0,0,1,0,1,1,0,0,2.3,13760.509,0,59
"28650",14,30,2,2,1,2,3,31595,880.48352,302,1,0,0,0,0,1,0,1,0,0,1,2.3,13736.957,0,60
"28150",14,30,1,2,1,1,1,22044,658.05649,301,1,0,0,0,1,0,0,1,1,0,0,2.5,8817.6,0,59
"29759",14,30,2,3,0,2,1,23380,622.60224,302,0,1,0,0,0,1,0,0,1,0,0,2.8,8350,0,60
"29679",14,30,1,2,1,2,3,18120,2059.95081,301,1,0,0,0,0,1,0,1,0,0,1,1.5,12080,0,59
"28836",14,30,1,2,1,2,3,36090.612,891.17012,301,1,0,0,0,0,1,0,1,0,0,1,2.3,15691.571,0,59
"28912",14,30,2,3,1,1,1,25081.945,343.75477,302,0,1,0,0,1,0,0,1,1,0,0,2.3,10905.194,0,60
"28099",14,30,2,2,1,2,1,26775.096,917.94273,302,1,0,0,0,0,1,0,1,1,0,0,2.5,10710.038,0,60
"28727",14,30,2,0,1,0,0,42845,1236.32626,302,0,0,0,0,0,0,0,1,0,0,0,2.1,20402.382,0,60
"28580",14,30,1,0,1,0,0,22158,89.84575,301,0,0,0,0,0,0,0,1,0,0,0,4.4,5035.909,1,59
"28353",14,30,2,0,1,0,0,13400,770.78729,302,0,0,0,0,0,0,0,1,0,0,0,2.1,6380.953,1,60
"29814",14,30,1,1,1,0,0,0,736.86341,301,0,0,0,0,0,0,0,1,0,0,0,2.3,0,1,59
"29201",14,30,1,5,1,1,3,5535,947.32723,301,0,0,0,1,1,0,0,1,0,0,1,1.5,3690,1,59
"28974",14,30,1,0,1,0,0,67794.751,821.37393,301,0,0,0,0,0,0,0,1,0,0,0,4.3,15766.22,0,59
"28977",14,30,2,3,1,2,1,34069.297,1041.94432,302,0,1,0,0,0,1,0,1,1,0,0,1.8,18927.388,0,60
"29707",14,30,1,0,1,0,0,6355.179,277.82573,301,0,0,0,0,0,0,0,1,0,0,0,2.6,2444.3,1,59
"29461",14,30,2,3,1,3,1,45473,405.09261,302,0,1,0,0,0,0,1,1,1,0,0,3,15157.667,0,60
"28824",14,30,1,2,1,2,1,29103,238.408,301,1,0,0,0,0,1,0,1,1,0,0,2.5,11641.2,0,59
"28630",14,30,2,5,1,1,3,21958.3,201.38202,302,0,0,0,1,1,0,0,1,0,0,1,3.5,6273.8,1,60
"28334",14,30,1,1,1,0,0,19168.394,884.6879,301,0,0,0,0,0,0,0,1,0,0,0,2.3,8334.085,0,59
"29484",14,30,1,0,1,0,0,9438.038,1190.63737,301,0,0,0,0,0,0,0,1,0,0,0,2.1,4494.304,1,59
"29330",14,30,2,4,1,1,1,18544.519,220.59613,302,0,0,1,0,1,0,0,1,1,0,0,1.5,12363.013,0,60
"28802",14,30,2,2,1,2,3,0,527.49755,302,1,0,0,0,0,1,0,1,0,0,1,2,0,1,60
"29103",14,30,1,0,1,0,0,9000,81.63041,301,0,0,0,0,0,0,0,1,0,0,0,5,1800,1,59
"29141",14,30,2,5,1,1,3,69920,414.64802,302,0,0,0,1,1,0,0,1,0,0,1,2.8,24971.429,0,60
"28806",14,30,1,0,1,0,0,51600,731.19524,301,0,0,0,0,0,0,0,1,0,0,0,2.1,24571.43,0,59
"30909",15,31,1,0,1,0,0,22024.395,109.34257,311,0,0,0,0,0,0,0,1,0,0,0,2.4,9176.831,0,61
"30047",15,31,1,5,1,1,3,37087.425,442.88958,311,0,0,0,1,1,0,0,1,0,0,1,2.5,14834.97,0,61
"29968",15,31,2,3,1,2,1,38538.741,587.08928,312,0,1,0,0,0,1,0,1,1,0,0,2.5,15415.496,0,62
"30163",15,31,1,0,1,0,0,16181.836,271.47055,311,0,0,0,0,0,0,0,1,0,0,0,1.6,10113.647,0,61
"30425",15,31,2,2,1,2,3,27475,290.16042,312,1,0,0,0,0,1,0,1,0,0,1,2.5,10990,0,62
"30430",15,31,2,3,1,2,2,13715,169.05244,312,0,1,0,0,0,1,0,1,0,1,0,3.3,4156.061,1,62
"30506",15,31,1,0,1,0,0,108434.5,545.06671,311,0,0,0,0,0,0,0,1,0,0,0,2.1,51635.479,0,61
"30514",15,31,1,3,1,2,1,34425,315.02326,311,0,1,0,0,0,1,0,1,1,0,0,1.5,22950,0,61
"30123",15,31,2,3,1,2,1,46953.71,192.71097,312,0,1,0,0,0,1,0,1,1,0,0,2.6,18059.12,0,62
"29972",15,31,2,5,1,1,3,12485,236.32129,312,0,0,0,1,1,0,0,1,0,0,1,1.5,8323.333,0,62
"30753",15,31,1,3,1,1,2,14964.143,571.38795,311,0,1,0,0,1,0,0,1,0,1,0,2,7482.072,0,61
"30008",15,31,2,3,1,1,3,30210,541.02754,312,0,1,0,0,1,0,0,1,0,0,1,2.5,12084,0,62
"30365",15,31,2,3,1,2,1,14504,635.58576,312,0,1,0,0,0,1,0,1,1,0,0,2,7252,0,62
"30051",15,31,1,4,1,2,1,72190,182.17861,311,0,0,1,0,0,1,0,1,1,0,0,3,24063.333,0,61
"30381",15,31,2,4,1,2,1,38031,743.10922,312,0,0,1,0,0,1,0,1,1,0,0,2.5,15212.4,0,62
"30292",15,31,1,5,1,2,1,38933.695,229.8139,311,0,0,0,1,0,1,0,1,1,0,0,2,19466.847,0,61
"30391",15,31,1,3,1,3,1,91442.366,840.81498,311,0,1,0,0,0,0,1,1,1,0,0,2.5,36576.946,0,61
"30172",15,31,2,3,1,2,2,22996.91,1492.08118,312,0,1,0,0,0,1,0,1,0,1,0,2.3,9998.657,0,62
"30662",15,31,1,0,1,0,0,15114.484,446.11775,311,0,0,0,0,0,0,0,1,0,0,0,2.1,7197.374,0,61
"30695",15,31,1,4,1,1,1,21136.901,379.98115,311,0,0,1,0,1,0,0,1,1,0,0,2,10568.451,0,61
"29936",15,31,1,4,1,2,1,63650,110.02594,311,0,0,1,0,0,1,0,1,1,0,0,3,21216.667,0,61
"30180",15,31,2,4,1,2,1,41869.001,146.65107,312,0,0,1,0,0,1,0,1,1,0,0,1.5,27912.667,0,62
"30079",15,31,1,3,0,2,1,6603,466.57009,311,0,1,0,0,0,1,0,0,1,0,0,1,6603,0,61
"30504",15,31,2,3,1,2,3,108434.5,545.06671,312,0,1,0,0,0,1,0,1,0,0,1,2.1,51635.479,0,62
"30868",15,31,2,5,1,3,3,44855.529,1298.70833,312,0,0,0,1,0,0,1,1,0,0,1,1.5,29903.686,0,62
"30376",15,31,1,2,1,3,1,25780.91,895.26256,311,1,0,0,0,0,0,1,1,1,0,0,2.5,10312.364,0,61
"30602",15,31,1,0,1,0,0,26525,139.30841,311,0,0,0,0,0,0,0,1,0,0,0,1.3,20403.847,0,61
"30175",15,31,2,0,1,0,0,22996.91,1492.08118,312,0,0,0,0,0,0,0,1,0,0,0,2.3,9998.657,0,62
"31984",16,48,1,3,1,2,1,34802.263,298.9374,481,0,1,0,0,0,1,0,1,1,0,0,1.5,23201.509,0,95
"31144",16,1,1,5,1,0,0,26572.746,718.18069,11,0,0,0,1,0,0,0,1,0,0,0,2,13286.373,0,1
"32580",16,48,1,4,1,2,3,35231.164,45.08485,481,0,0,1,0,0,1,0,1,0,0,1,3.5,10066.047,0,95
"31315",16,20,1,1,1,0,0,21605,780.57585,201,0,0,0,0,0,0,0,1,0,0,0,2.3,9393.478,0,39
"32769",16,48,1,2,1,2,3,45679.385,584.92879,481,1,0,0,0,0,1,0,1,0,0,1,2,22839.693,0,95
"32537",16,48,2,3,1,2,3,25610,116.47254,482,0,1,0,0,0,1,0,1,0,0,1,2.8,9146.429,0,96
"31078",16,1,2,4,1,1,3,14625.251,850.38518,12,0,0,1,0,1,0,0,1,0,0,1,1.5,9750.167,0,2
"31101",16,1,2,5,1,3,3,20050.371,441.79448,12,0,0,0,1,0,0,1,1,0,0,1,1.5,13366.914,0,2
"32669",16,48,2,5,1,2,3,9469,643.57433,482,0,0,0,1,0,1,0,1,0,0,1,1,9469,0,96
"32338",16,48,1,5,1,1,3,21643.419,651.194,481,0,0,0,1,1,0,0,1,0,0,1,1.5,14428.946,0,95
"32166",16,48,1,2,1,3,3,47961.652,679.62272,481,1,0,0,0,0,0,1,1,0,0,1,2.5,19184.661,0,95
"31484",16,20,2,3,1,2,1,30159.665,855.32645,202,0,1,0,0,0,1,0,1,1,0,0,1.8,16755.37,0,40
"32168",16,48,2,3,1,2,2,16917.797,1204.1964,482,0,1,0,0,0,1,0,1,0,1,0,1.5,11278.531,0,96
"31520",16,20,2,0,1,0,0,41105,1166.83895,202,0,0,0,0,0,0,0,1,0,0,0,1.8,22836.112,0,40
"32116",16,48,1,4,1,1,1,35370.182,194.70482,481,0,0,1,0,1,0,0,1,1,0,0,3.3,10718.237,0,95
"31588",16,20,2,3,1,3,1,14947.827,939.70949,202,0,1,0,0,0,0,1,1,1,0,0,1.6,9342.392,0,40
"31795",16,48,1,0,1,0,0,17530,3915.32776,481,0,0,0,0,0,0,0,1,0,0,0,1.8,9738.889,0,95
"32133",16,48,2,4,1,2,1,29763.975,1287.95986,482,0,0,1,0,0,1,0,1,1,0,0,1.5,19842.65,0,96
"31164",16,1,2,3,1,3,1,31607.086,915.73831,12,0,1,0,0,0,0,1,1,1,0,0,1.5,21071.391,0,2
"31557",16,20,2,3,1,2,3,28385.029,901.51513,202,0,1,0,0,0,1,0,1,0,0,1,2.1,13516.681,0,40
"32310",16,48,1,3,1,2,1,28700,1152.99078,481,0,1,0,0,0,1,0,1,1,0,0,2.3,12478.261,0,95
"31903",16,48,1,1,0,0,0,18257.118,263.89124,481,0,0,0,0,0,0,0,0,0,0,0,2.8,6520.399,1,95
"31447",16,20,1,3,1,2,2,46310,540.25155,201,0,1,0,0,0,1,0,1,0,1,0,3,15436.667,0,39
"31070",16,1,2,4,1,2,1,25050,199.94423,12,0,0,1,0,0,1,0,1,1,0,0,1,25050,0,2
"31678",16,20,2,3,1,3,1,42900,1742.58859,202,0,1,0,0,0,0,1,1,1,0,0,2.1,20428.572,0,40
"32637",16,48,1,1,1,0,0,24275.024,969.61355,481,0,0,0,0,0,0,0,1,0,0,0,2.3,10554.358,0,95
"31022",16,1,1,4,1,2,3,24710,342.32812,11,0,0,1,0,0,1,0,1,0,0,1,1.5,16473.333,0,1
"31517",16,20,2,0,1,0,0,89393,804.48705,202,0,0,0,0,0,0,0,1,0,0,0,2.1,42568.097,0,40
"31619",16,20,1,3,1,2,1,31515,1363.63082,201,0,1,0,0,0,1,0,1,1,0,0,1.8,17508.334,0,39
"31250",16,20,1,3,1,3,1,35162.296,1134.10261,201,0,1,0,0,0,0,1,1,1,0,0,1,35162.296,0,39
"31181",16,1,1,0,1,0,0,22224.906,1709.39737,11,0,0,0,0,0,0,0,1,0,0,0,2.1,10583.289,0,1
"31915",16,48,1,0,1,0,0,27646,266.16779,481,0,0,0,0,0,0,0,1,0,0,0,2.4,11519.166,0,95
"32069",16,48,2,3,1,2,1,11672.54,1734.05664,482,0,1,0,0,0,1,0,1,1,0,0,2.3,5075.017,1,96
"32693",16,48,1,3,1,3,1,31389.645,1126.38435,481,0,1,0,0,0,0,1,1,1,0,0,1.5,20926.43,0,95
"31182",16,1,2,0,1,0,0,22224.906,1709.39737,12,0,0,0,0,0,0,0,1,0,0,0,2.1,10583.289,0,2
"32161",16,48,1,3,1,2,1,10200,1777.32316,481,0,1,0,0,0,1,0,1,1,0,0,1,10200,0,95
"31364",16,20,1,2,1,2,1,72558,702.92711,201,1,0,0,0,0,1,0,1,1,0,0,3,24186,0,39
"32456",16,48,2,5,1,2,3,8300.748,1680.72879,482,0,0,0,1,0,1,0,1,0,0,1,1.5,5533.832,1,96
"31344",16,20,2,3,1,2,1,40016.1,458.70507,202,0,1,0,0,0,1,0,1,1,0,0,2,20008.05,0,40
"32227",16,48,2,5,1,1,3,48879.93,1076.83401,482,0,0,0,1,1,0,0,1,0,0,1,1.5,32586.62,0,96
"32811",16,48,1,0,1,0,0,13442.825,1155.7808,481,0,0,0,0,0,0,0,1,0,0,0,2.1,6401.346,1,95
"31817",16,48,2,2,1,0,0,34200,156.11224,482,1,0,0,0,0,0,0,1,0,0,0,3.5,9771.429,0,96
"31049",16,1,1,5,1,1,3,11891,1621.26314,11,0,0,0,1,1,0,0,1,0,0,1,1.5,7927.333,0,1
"32115",16,48,2,5,1,1,3,35370.182,194.70482,482,0,0,0,1,1,0,0,1,0,0,1,3.3,10718.237,0,96
"31611",16,20,2,3,1,2,1,23007,1146.80107,202,0,1,0,0,0,1,0,1,1,0,0,1.8,12781.667,0,40
"33023",17,26,2,3,1,2,1,16973.753,881.01982,262,0,1,0,0,0,1,0,1,1,0,0,1.5,11315.835,0,52
"33502",17,26,1,4,1,1,3,26752.759,344.04203,261,0,0,1,0,1,0,0,1,0,0,1,2,13376.379,0,51
"33426",17,26,2,0,0,0,0,5885.201,64.78974,262,0,0,0,0,0,0,0,0,0,0,0,2.1,2802.477,1,52
"33471",17,26,2,0,1,0,0,28831.2,255.49322,262,0,0,0,0,0,0,0,1,0,0,0,2.3,12535.305,0,52
"32961",17,26,2,2,1,2,3,40565.621,345.69097,262,1,0,0,0,0,1,0,1,0,0,1,2.5,16226.248,0,52
"33793",17,26,1,4,1,2,1,28958.533,373.08938,261,0,0,1,0,0,1,0,1,1,0,0,2,14479.266,0,51
"33478",17,26,2,3,1,2,1,29490,168.22144,262,0,1,0,0,0,1,0,1,1,0,0,2,14745,0,52
"33199",17,26,1,2,1,2,3,10849.897,98.87027,261,1,0,0,0,0,1,0,1,0,0,1,3,3616.632,1,51
"33432",17,26,2,3,1,2,3,39390,105.99465,262,0,1,0,0,0,1,0,1,0,0,1,2.5,15756,0,52
"32974",17,26,1,5,1,1,3,15667.578,1394.4653,261,0,0,0,1,1,0,0,1,0,0,1,1.5,10445.052,0,51
"33340",17,26,1,1,1,0,0,47326.642,223.41038,261,0,0,0,0,0,0,0,1,0,0,0,2.3,20576.801,0,51
"32881",17,26,1,3,1,2,1,35724,462.75537,261,0,1,0,0,0,1,0,1,1,0,0,1.8,19846.667,0,51
"33118",17,26,2,4,1,2,1,31769,112.60824,262,0,0,1,0,0,1,0,1,1,0,0,2.5,12707.6,0,52
"33163",17,26,2,2,1,2,1,57145.985,137.91074,262,1,0,0,0,0,1,0,1,1,0,0,3.5,16327.424,0,52
"33764",17,26,1,2,1,2,3,14570,182.38336,261,1,0,0,0,0,1,0,1,0,0,1,2,7285,0,51
"33610",17,26,1,3,0,2,2,9986.877,440.29392,261,0,1,0,0,0,1,0,0,0,1,0,2.1,4755.656,1,51
"32876",17,26,1,5,1,1,3,10377,287.32465,261,0,0,0,1,1,0,0,1,0,0,1,1.5,6918,0,51
"33353",17,26,2,3,1,3,1,25530,193.82263,262,0,1,0,0,0,0,1,1,1,0,0,1.8,14183.334,0,52
"32900",17,26,2,0,1,0,0,13077.678,205.49536,262,0,0,0,0,0,0,0,1,0,0,0,2.1,6227.466,1,52
"33703",17,26,1,3,0,2,1,25480,396.56162,261,0,1,0,0,0,1,0,0,1,0,0,1.8,14155.556,0,51
"33605",17,26,1,4,1,1,1,17300,381.2977,261,0,0,1,0,1,0,0,1,1,0,0,1,17300,0,51
"33190",17,26,1,4,1,2,1,44198.016,86.60559,261,0,0,1,0,0,1,0,1,1,0,0,1.5,29465.344,0,51
"33324",17,26,1,3,1,2,1,34800,387.1589,261,0,1,0,0,0,1,0,1,1,0,0,2.3,15130.435,0,51
"33019",17,26,2,3,1,1,3,20700,205.10174,262,0,1,0,0,1,0,0,1,0,0,1,2.3,9000,0,52
"33820",17,26,2,4,1,2,3,9045,377.45511,262,0,0,1,0,0,1,0,1,0,0,1,2,4522.5,1,52
"33913",18,51,2,4,1,1,3,6720,95.33342,512,0,0,1,0,1,0,0,1,0,0,1,1.5,4480,1,102
"34262",18,51,2,3,1,2,2,16951,83.06165,512,0,1,0,0,0,1,0,1,0,1,0,2.1,8071.905,0,102
"34005",18,51,2,4,0,1,3,4280,95.09699,512,0,0,1,0,1,0,0,0,0,0,1,2,2140,1,102
"33919",18,51,2,2,1,2,2,14079.164,325.36082,512,1,0,0,0,0,1,0,1,0,1,0,2,7039.582,0,102
"34423",18,52,1,0,1,0,0,38345,101.30009,521,0,0,0,0,0,0,0,1,0,0,0,2.3,16671.739,0,103
"34257",18,51,2,3,1,3,3,2062.931,509.829,512,0,1,0,0,0,0,1,1,0,0,1,1,2062.931,1,102
"34067",18,51,2,3,1,2,2,25850,98.7594,512,0,1,0,0,0,1,0,1,0,1,0,2.6,9942.308,0,102
"34159",18,51,1,4,1,1,3,11972,279.44652,511,0,0,1,0,1,0,0,1,0,0,1,1.5,7981.333,0,101
"34075",18,51,2,3,1,2,1,35961.155,256.49526,512,0,1,0,0,0,1,0,1,1,0,0,2.1,17124.36,0,102
"34554",18,52,2,3,1,2,1,4423,203.40436,522,0,1,0,0,0,1,0,1,1,0,0,1.5,2948.667,1,104
"34027",18,51,1,2,1,1,3,12710,146.81166,511,1,0,0,0,1,0,0,1,0,0,1,3.1,4100,1,101
"34492",18,52,2,2,1,2,2,9617.215,34.49072,522,1,0,0,0,0,1,0,1,0,1,0,1,9617.215,0,104
"34445",18,52,1,3,1,1,1,75387.807,166.14069,521,0,1,0,0,1,0,0,1,1,0,0,3,25129.269,0,103
"34491",18,52,1,0,1,0,0,29542.233,122.42588,521,0,0,0,0,0,0,0,1,0,0,0,2.1,14067.731,0,103
"34215",18,51,2,4,1,1,3,14000,269.76562,512,0,0,1,0,1,0,0,1,0,0,1,2,7000,0,102
"34594",18,52,2,0,1,0,0,29274.803,89.45304,522,0,0,0,0,0,0,0,1,0,0,0,3.1,9443.485,0,104
"34001",18,51,2,5,1,1,3,35784,79.53129,512,0,0,0,1,1,0,0,1,0,0,1,1.8,19880.001,0,102
"34265",18,51,1,3,1,3,1,45470,75.42191,511,0,1,0,0,0,0,1,1,1,0,0,2.1,21652.382,0,101
"34232",18,51,2,3,1,2,1,9240,194.1598,512,0,1,0,0,0,1,0,1,1,0,0,2,4620,1,102
"34382",18,52,2,3,1,2,3,37861.547,345.28392,522,0,1,0,0,0,1,0,1,0,0,1,1.8,21034.193,0,104
"34190",18,51,2,2,1,1,2,9660,200.05929,512,1,0,0,0,1,0,0,1,0,1,0,2.8,3450,1,102
